<Events><Event><System><Provider Name="HttpPlatformHandler"/><EventID>2000</EventID><Level>4</Level><Task>0</Task><Keywords>Keywords</Keywords><TimeCreated SystemTime="2020-08-02T12:34:29Z"/><EventRecordID>319279328</EventRecordID><Channel>Application</Channel><Computer>RD0003FF98D71C</Computer><Security/></System><EventData><Data>=========== HttpPlatformHandler dll loaded =========== [TID 7360] [PID 1432]</Data></EventData></Event><Event><System><Provider Name="HttpPlatformHandler"/><EventID>2000</EventID><Level>4</Level><Task>0</Task><Keywords>Keywords</Keywords><TimeCreated SystemTime="2020-08-02T12:34:29Z"/><EventRecordID>319279359</EventRecordID><Channel>Application</Channel><Computer>RD0003FF98D71C</Computer><Security/></System><EventData><Data>Platform Version (Antares Version): 88.0.7.45 [TID 7360] [PID 1432]</Data></EventData></Event><Event><System><Provider Name="HttpPlatformHandler"/><EventID>2000</EventID><Level>4</Level><Task>0</Task><Keywords>Keywords</Keywords><TimeCreated SystemTime="2020-08-02T12:34:29Z"/><EventRecordID>319279390</EventRecordID><Channel>Application</Channel><Computer>RD0003FF98D71C</Computer><Security/></System><EventData><Data>APPLICATION_MANAGER::APPLICATION_MANAGER | this=053FCD90 [TID 7360] [PID 1432]</Data></EventData></Event><Event><System><Provider Name="HttpPlatformHandler"/><EventID>2000</EventID><Level>4</Level><Task>0</Task><Keywords>Keywords</Keywords><TimeCreated SystemTime="2020-08-02T12:34:29Z"/><EventRecordID>319279437</EventRecordID><Channel>Application</Channel><Computer>RD0003FF98D71C</Computer><Security/></System><EventData><Data>RegisterModule:334 | HRESULT : 00000000 (SUCCEEDED : 1) [TID 7360] [PID 1432]</Data></EventData></Event><Event><System><Provider Name="HttpPlatformHandler"/><EventID>2000</EventID><Level>4</Level><Task>0</Task><Keywords>Keywords</Keywords><TimeCreated SystemTime="2020-08-02T12:46:51Z"/><EventRecordID>320021812</EventRecordID><Channel>Application</Channel><Computer>RD0003FF98D71C</Computer><Security/></System><EventData><Data>=========== HttpPlatformHandler dll loaded =========== [TID 5936] [PID 4484]</Data></EventData></Event><Event><System><Provider Name="HttpPlatformHandler"/><EventID>2000</EventID><Level>4</Level><Task>0</Task><Keywords>Keywords</Keywords><TimeCreated SystemTime="2020-08-02T12:46:51Z"/><EventRecordID>320021828</EventRecordID><Channel>Application</Channel><Computer>RD0003FF98D71C</Computer><Security/></System><EventData><Data>Platform Version (Antares Version): 88.0.7.45 [TID 5936] [PID 4484]</Data></EventData></Event><Event><System><Provider Name="HttpPlatformHandler"/><EventID>2000</EventID><Level>4</Level><Task>0</Task><Keywords>Keywords</Keywords><TimeCreated SystemTime="2020-08-02T12:46:51Z"/><EventRecordID>320021828</EventRecordID><Channel>Application</Channel><Computer>RD0003FF98D71C</Computer><Security/></System><EventData><Data>APPLICATION_MANAGER::APPLICATION_MANAGER | this=04ED05A0 [TID 5936] [PID 4484]</Data></EventData></Event><Event><System><Provider Name="HttpPlatformHandler"/><EventID>2000</EventID><Level>4</Level><Task>0</Task><Keywords>Keywords</Keywords><TimeCreated SystemTime="2020-08-02T12:46:51Z"/><EventRecordID>320021828</EventRecordID><Channel>Application</Channel><Computer>RD0003FF98D71C</Computer><Security/></System><EventData><Data>RegisterModule:334 | HRESULT : 00000000 (SUCCEEDED : 1) [TID 5936] [PID 4484]</Data></EventData></Event><Event><System><Provider Name="HttpPlatformHandler"/><EventID>2000</EventID><Level>4</Level><Task>0</Task><Keywords>Keywords</Keywords><TimeCreated SystemTime="2020-08-02T13:03:29Z"/><EventRecordID>321019187</EventRecordID><Channel>Application</Channel><Computer>RD0003FF98D71C</Computer><Security/></System><EventData><Data>CProxyModuleFactory::Terminate | this=05AB1560 [TID 7360] [PID 1432]</Data></EventData></Event><Event><System><Provider Name="HttpPlatformHandler"/><EventID>2000</EventID><Level>4</Level><Task>0</Task><Keywords>Keywords</Keywords><TimeCreated SystemTime="2020-08-02T13:03:29Z"/><EventRecordID>321019203</EventRecordID><Channel>Application</Channel><Computer>RD0003FF98D71C</Computer><Security/></System><EventData><Data>APPLICATION_MANAGER::~APPLICATION_MANAGER | this=053FCD90 [TID 7360] [PID 1432]</Data></EventData></Event><Event><System><Provider Name="HttpPlatformHandler"/><EventID>2000</EventID><Level>4</Level><Task>0</Task><Keywords>Keywords</Keywords><TimeCreated SystemTime="2020-08-02T13:03:30Z"/><EventRecordID>321020234</EventRecordID><Channel>Application</Channel><Computer>RD0003FF98D71C</Computer><Security/></System><EventData><Data>========== HttpPlatformHandler dll unloaded ========== [TID 7360] [PID 1432]</Data></EventData></Event><Event><System><Provider Name="HttpPlatformHandler"/><EventID>2000</EventID><Level>4</Level><Task>0</Task><Keywords>Keywords</Keywords><TimeCreated SystemTime="2020-08-03T00:52:42Z"/><EventRecordID>363570765</EventRecordID><Channel>Application</Channel><Computer>RD0003FF98D71C</Computer><Security/></System><EventData><Data>=========== HttpPlatformHandler dll loaded =========== [TID 8036] [PID 6120]</Data></EventData></Event><Event><System><Provider Name="HttpPlatformHandler"/><EventID>2000</EventID><Level>4</Level><Task>0</Task><Keywords>Keywords</Keywords><TimeCreated SystemTime="2020-08-03T00:52:42Z"/><EventRecordID>363570781</EventRecordID><Channel>Application</Channel><Computer>RD0003FF98D71C</Computer><Security/></System><EventData><Data>Platform Version (Antares Version): 88.0.7.45 [TID 8036] [PID 6120]</Data></EventData></Event><Event><System><Provider Name="HttpPlatformHandler"/><EventID>2000</EventID><Level>4</Level><Task>0</Task><Keywords>Keywords</Keywords><TimeCreated SystemTime="2020-08-03T00:52:42Z"/><EventRecordID>363570781</EventRecordID><Channel>Application</Channel><Computer>RD0003FF98D71C</Computer><Security/></System><EventData><Data>APPLICATION_MANAGER::APPLICATION_MANAGER | this=0516B210 [TID 8036] [PID 6120]</Data></EventData></Event><Event><System><Provider Name="HttpPlatformHandler"/><EventID>2000</EventID><Level>4</Level><Task>0</Task><Keywords>Keywords</Keywords><TimeCreated SystemTime="2020-08-03T00:52:42Z"/><EventRecordID>363570796</EventRecordID><Channel>Application</Channel><Computer>RD0003FF98D71C</Computer><Security/></System><EventData><Data>RegisterModule:334 | HRESULT : 00000000 (SUCCEEDED : 1) [TID 8036] [PID 6120]</Data></EventData></Event><Event><System><Provider Name="HttpPlatformHandler"/><EventID>2000</EventID><Level>4</Level><Task>0</Task><Keywords>Keywords</Keywords><TimeCreated SystemTime="2020-08-03T01:13:42Z"/><EventRecordID>364831250</EventRecordID><Channel>Application</Channel><Computer>RD0003FF98D71C</Computer><Security/></System><EventData><Data>CProxyModuleFactory::Terminate | this=0516E790 [TID 6188] [PID 6120]</Data></EventData></Event><Event><System><Provider Name="HttpPlatformHandler"/><EventID>2000</EventID><Level>4</Level><Task>0</Task><Keywords>Keywords</Keywords><TimeCreated SystemTime="2020-08-03T01:13:42Z"/><EventRecordID>364831281</EventRecordID><Channel>Application</Channel><Computer>RD0003FF98D71C</Computer><Security/></System><EventData><Data>APPLICATION_MANAGER::~APPLICATION_MANAGER | this=0516B210 [TID 6188] [PID 6120]</Data></EventData></Event><Event><System><Provider Name="HttpPlatformHandler"/><EventID>2000</EventID><Level>4</Level><Task>0</Task><Keywords>Keywords</Keywords><TimeCreated SystemTime="2020-08-03T01:13:43Z"/><EventRecordID>364832312</EventRecordID><Channel>Application</Channel><Computer>RD0003FF98D71C</Computer><Security/></System><EventData><Data>========== HttpPlatformHandler dll unloaded ========== [TID 6188] [PID 6120]</Data></EventData></Event><Event><System><Provider Name="HttpPlatformHandler"/><EventID>2000</EventID><Level>4</Level><Task>0</Task><Keywords>Keywords</Keywords><TimeCreated SystemTime="2020-08-04T00:30:40Z"/><EventRecordID>448646031</EventRecordID><Channel>Application</Channel><Computer>RD0003FF98D71C</Computer><Security/></System><EventData><Data>=========== HttpPlatformHandler dll loaded =========== [TID 6120] [PID 3664]</Data></EventData></Event><Event><System><Provider Name="HttpPlatformHandler"/><EventID>2000</EventID><Level>4</Level><Task>0</Task><Keywords>Keywords</Keywords><TimeCreated SystemTime="2020-08-04T00:30:40Z"/><EventRecordID>448646062</EventRecordID><Channel>Application</Channel><Computer>RD0003FF98D71C</Computer><Security/></System><EventData><Data>Platform Version (Antares Version): 88.0.7.45 [TID 6120] [PID 3664]</Data></EventData></Event><Event><System><Provider Name="HttpPlatformHandler"/><EventID>2000</EventID><Level>4</Level><Task>0</Task><Keywords>Keywords</Keywords><TimeCreated SystemTime="2020-08-04T00:30:40Z"/><EventRecordID>448646062</EventRecordID><Channel>Application</Channel><Computer>RD0003FF98D71C</Computer><Security/></System><EventData><Data>APPLICATION_MANAGER::APPLICATION_MANAGER | this=04D22B48 [TID 6120] [PID 3664]</Data></EventData></Event><Event><System><Provider Name="HttpPlatformHandler"/><EventID>2000</EventID><Level>4</Level><Task>0</Task><Keywords>Keywords</Keywords><TimeCreated SystemTime="2020-08-04T00:30:40Z"/><EventRecordID>448646078</EventRecordID><Channel>Application</Channel><Computer>RD0003FF98D71C</Computer><Security/></System><EventData><Data>RegisterModule:334 | HRESULT : 00000000 (SUCCEEDED : 1) [TID 6120] [PID 3664]</Data></EventData></Event><Event><System><Provider Name="HttpPlatformHandler"/><EventID>2000</EventID><Level>4</Level><Task>0</Task><Keywords>Keywords</Keywords><TimeCreated SystemTime="2020-08-04T01:03:40Z"/><EventRecordID>450626656</EventRecordID><Channel>Application</Channel><Computer>RD0003FF98D71C</Computer><Security/></System><EventData><Data>CProxyModuleFactory::Terminate | this=04D26950 [TID 2784] [PID 3664]</Data></EventData></Event><Event><System><Provider Name="HttpPlatformHandler"/><EventID>2000</EventID><Level>4</Level><Task>0</Task><Keywords>Keywords</Keywords><TimeCreated SystemTime="2020-08-04T01:03:40Z"/><EventRecordID>450626687</EventRecordID><Channel>Application</Channel><Computer>RD0003FF98D71C</Computer><Security/></System><EventData><Data>APPLICATION_MANAGER::~APPLICATION_MANAGER | this=04D22B48 [TID 2784] [PID 3664]</Data></EventData></Event><Event><System><Provider Name="HttpPlatformHandler"/><EventID>2000</EventID><Level>4</Level><Task>0</Task><Keywords>Keywords</Keywords><TimeCreated SystemTime="2020-08-04T01:03:41Z"/><EventRecordID>450627734</EventRecordID><Channel>Application</Channel><Computer>RD0003FF98D71C</Computer><Security/></System><EventData><Data>========== HttpPlatformHandler dll unloaded ========== [TID 2784] [PID 3664]</Data></EventData></Event><Event><System><Provider Name="HttpPlatformHandler"/><EventID>2000</EventID><Level>4</Level><Task>0</Task><Keywords>Keywords</Keywords><TimeCreated SystemTime="2020-08-04T01:37:23Z"/><EventRecordID>452649640</EventRecordID><Channel>Application</Channel><Computer>RD0003FF98D71C</Computer><Security/></System><EventData><Data>=========== HttpPlatformHandler dll loaded =========== [TID 5908] [PID 5904]</Data></EventData></Event><Event><System><Provider Name="HttpPlatformHandler"/><EventID>2000</EventID><Level>4</Level><Task>0</Task><Keywords>Keywords</Keywords><TimeCreated SystemTime="2020-08-04T01:37:23Z"/><EventRecordID>452649671</EventRecordID><Channel>Application</Channel><Computer>RD0003FF98D71C</Computer><Security/></System><EventData><Data>Platform Version (Antares Version): 88.0.7.45 [TID 5908] [PID 5904]</Data></EventData></Event><Event><System><Provider Name="HttpPlatformHandler"/><EventID>2000</EventID><Level>4</Level><Task>0</Task><Keywords>Keywords</Keywords><TimeCreated SystemTime="2020-08-04T01:37:24Z"/><EventRecordID>452649687</EventRecordID><Channel>Application</Channel><Computer>RD0003FF98D71C</Computer><Security/></System><EventData><Data>APPLICATION_MANAGER::APPLICATION_MANAGER | this=00CB9BB8 [TID 5908] [PID 5904]</Data></EventData></Event><Event><System><Provider Name="HttpPlatformHandler"/><EventID>2000</EventID><Level>4</Level><Task>0</Task><Keywords>Keywords</Keywords><TimeCreated SystemTime="2020-08-04T01:37:24Z"/><EventRecordID>452649687</EventRecordID><Channel>Application</Channel><Computer>RD0003FF98D71C</Computer><Security/></System><EventData><Data>RegisterModule:334 | HRESULT : 00000000 (SUCCEEDED : 1) [TID 5908] [PID 5904]</Data></EventData></Event><Event><System><Provider Name="HttpPlatformHandler"/><EventID>2000</EventID><Level>4</Level><Task>0</Task><Keywords>Keywords</Keywords><TimeCreated SystemTime="2020-08-04T01:58:23Z"/><EventRecordID>453909593</EventRecordID><Channel>Application</Channel><Computer>RD0003FF98D71C</Computer><Security/></System><EventData><Data>CProxyModuleFactory::Terminate | this=053C19C8 [TID 1792] [PID 5904]</Data></EventData></Event><Event><System><Provider Name="HttpPlatformHandler"/><EventID>2000</EventID><Level>4</Level><Task>0</Task><Keywords>Keywords</Keywords><TimeCreated SystemTime="2020-08-04T01:58:23Z"/><EventRecordID>453909625</EventRecordID><Channel>Application</Channel><Computer>RD0003FF98D71C</Computer><Security/></System><EventData><Data>APPLICATION_MANAGER::~APPLICATION_MANAGER | this=00CB9BB8 [TID 1792] [PID 5904]</Data></EventData></Event><Event><System><Provider Name="HttpPlatformHandler"/><EventID>2000</EventID><Level>4</Level><Task>0</Task><Keywords>Keywords</Keywords><TimeCreated SystemTime="2020-08-04T01:58:24Z"/><EventRecordID>453910640</EventRecordID><Channel>Application</Channel><Computer>RD0003FF98D71C</Computer><Security/></System><EventData><Data>========== HttpPlatformHandler dll unloaded ========== [TID 1792] [PID 5904]</Data></EventData></Event><Event><System><Provider Name="HttpPlatformHandler"/><EventID>2000</EventID><Level>4</Level><Task>0</Task><Keywords>Keywords</Keywords><TimeCreated SystemTime="2020-08-04T14:04:14Z"/><EventRecordID>497458734</EventRecordID><Channel>Application</Channel><Computer>RD0003FF98D71C</Computer><Security/></System><EventData><Data>=========== HttpPlatformHandler dll loaded =========== [TID 5992] [PID 4632]</Data></EventData></Event><Event><System><Provider Name="HttpPlatformHandler"/><EventID>2000</EventID><Level>4</Level><Task>0</Task><Keywords>Keywords</Keywords><TimeCreated SystemTime="2020-08-04T14:04:14Z"/><EventRecordID>497458750</EventRecordID><Channel>Application</Channel><Computer>RD0003FF98D71C</Computer><Security/></System><EventData><Data>Platform Version (Antares Version): 88.0.7.45 [TID 5992] [PID 4632]</Data></EventData></Event><Event><System><Provider Name="HttpPlatformHandler"/><EventID>2000</EventID><Level>4</Level><Task>0</Task><Keywords>Keywords</Keywords><TimeCreated SystemTime="2020-08-04T14:04:14Z"/><EventRecordID>497458781</EventRecordID><Channel>Application</Channel><Computer>RD0003FF98D71C</Computer><Security/></System><EventData><Data>APPLICATION_MANAGER::APPLICATION_MANAGER | this=007AA7B8 [TID 5992] [PID 4632]</Data></EventData></Event><Event><System><Provider Name="HttpPlatformHandler"/><EventID>2000</EventID><Level>4</Level><Task>0</Task><Keywords>Keywords</Keywords><TimeCreated SystemTime="2020-08-04T14:04:14Z"/><EventRecordID>497458796</EventRecordID><Channel>Application</Channel><Computer>RD0003FF98D71C</Computer><Security/></System><EventData><Data>RegisterModule:334 | HRESULT : 00000000 (SUCCEEDED : 1) [TID 5992] [PID 4632]</Data></EventData></Event><Event><System><Provider Name="HttpPlatformHandler"/><EventID>2000</EventID><Level>4</Level><Task>0</Task><Keywords>Keywords</Keywords><TimeCreated SystemTime="2020-08-04T14:25:15Z"/><EventRecordID>498719375</EventRecordID><Channel>Application</Channel><Computer>RD0003FF98D71C</Computer><Security/></System><EventData><Data>CProxyModuleFactory::Terminate | this=04EB2F48 [TID 6960] [PID 4632]</Data></EventData></Event><Event><System><Provider Name="HttpPlatformHandler"/><EventID>2000</EventID><Level>4</Level><Task>0</Task><Keywords>Keywords</Keywords><TimeCreated SystemTime="2020-08-04T14:25:15Z"/><EventRecordID>498719390</EventRecordID><Channel>Application</Channel><Computer>RD0003FF98D71C</Computer><Security/></System><EventData><Data>APPLICATION_MANAGER::~APPLICATION_MANAGER | this=007AA7B8 [TID 6960] [PID 4632]</Data></EventData></Event><Event><System><Provider Name="HttpPlatformHandler"/><EventID>2000</EventID><Level>4</Level><Task>0</Task><Keywords>Keywords</Keywords><TimeCreated SystemTime="2020-08-04T14:25:16Z"/><EventRecordID>498720437</EventRecordID><Channel>Application</Channel><Computer>RD0003FF98D71C</Computer><Security/></System><EventData><Data>========== HttpPlatformHandler dll unloaded ========== [TID 6960] [PID 4632]</Data></EventData></Event><Event><System><Provider Name="HttpPlatformHandler"/><EventID>2000</EventID><Level>4</Level><Task>0</Task><Keywords>Keywords</Keywords><TimeCreated SystemTime="2020-08-04T20:09:58Z"/><EventRecordID>519402125</EventRecordID><Channel>Application</Channel><Computer>RD0003FF98D71C</Computer><Security/></System><EventData><Data>=========== HttpPlatformHandler dll loaded =========== [TID 4204] [PID 5556]</Data></EventData></Event><Event><System><Provider Name="HttpPlatformHandler"/><EventID>2000</EventID><Level>4</Level><Task>0</Task><Keywords>Keywords</Keywords><TimeCreated SystemTime="2020-08-04T20:09:58Z"/><EventRecordID>519402156</EventRecordID><Channel>Application</Channel><Computer>RD0003FF98D71C</Computer><Security/></System><EventData><Data>Platform Version (Antares Version): 88.0.7.45 [TID 4204] [PID 5556]</Data></EventData></Event><Event><System><Provider Name="HttpPlatformHandler"/><EventID>2000</EventID><Level>4</Level><Task>0</Task><Keywords>Keywords</Keywords><TimeCreated SystemTime="2020-08-04T20:09:58Z"/><EventRecordID>519402187</EventRecordID><Channel>Application</Channel><Computer>RD0003FF98D71C</Computer><Security/></System><EventData><Data>APPLICATION_MANAGER::APPLICATION_MANAGER | this=00AFAEC0 [TID 4204] [PID 5556]</Data></EventData></Event><Event><System><Provider Name="HttpPlatformHandler"/><EventID>2000</EventID><Level>4</Level><Task>0</Task><Keywords>Keywords</Keywords><TimeCreated SystemTime="2020-08-04T20:09:58Z"/><EventRecordID>519402203</EventRecordID><Channel>Application</Channel><Computer>RD0003FF98D71C</Computer><Security/></System><EventData><Data>RegisterModule:334 | HRESULT : 00000000 (SUCCEEDED : 1) [TID 4204] [PID 5556]</Data></EventData></Event><Event><System><Provider Name="HttpPlatformHandler"/><EventID>2000</EventID><Level>4</Level><Task>0</Task><Keywords>Keywords</Keywords><TimeCreated SystemTime="2020-08-04T20:17:24Z"/><EventRecordID>519847843</EventRecordID><Channel>Application</Channel><Computer>RD0003FF98D71C</Computer><Security/></System><EventData><Data>Change in global configuration [TID 5936] [PID 4484]</Data></EventData></Event><Event><System><Provider Name="HttpPlatformHandler"/><EventID>2000</EventID><Level>4</Level><Task>0</Task><Keywords>Keywords</Keywords><TimeCreated SystemTime="2020-08-04T20:17:24Z"/><EventRecordID>519847875</EventRecordID><Channel>Application</Channel><Computer>RD0003FF98D71C</Computer><Security/></System><EventData><Data>Global configuration changed. Change path: MACHINE/WEBROOT/APPHOST/LENOX360-MOBILE, ApplicationManager: 04ED05A0 [TID 5936] [PID 4484]</Data></EventData></Event><Event><System><Provider Name="HttpPlatformHandler"/><EventID>2000</EventID><Level>4</Level><Task>0</Task><Keywords>Keywords</Keywords><TimeCreated SystemTime="2020-08-04T20:17:24Z"/><EventRecordID>519847890</EventRecordID><Channel>Application</Channel><Computer>RD0003FF98D71C</Computer><Security/></System><EventData><Data>Recycling application MACHINE/WEBROOT/APPHOST/LENOX360-MOBILE [TID 5936] [PID 4484]</Data></EventData></Event><Event><System><Provider Name="HttpPlatformHandler"/><EventID>2000</EventID><Level>4</Level><Task>0</Task><Keywords>Keywords</Keywords><TimeCreated SystemTime="2020-08-04T20:40:59Z"/><EventRecordID>521263046</EventRecordID><Channel>Application</Channel><Computer>RD0003FF98D71C</Computer><Security/></System><EventData><Data>CProxyModuleFactory::Terminate | this=051E1AE8 [TID 4204] [PID 5556]</Data></EventData></Event><Event><System><Provider Name="HttpPlatformHandler"/><EventID>2000</EventID><Level>4</Level><Task>0</Task><Keywords>Keywords</Keywords><TimeCreated SystemTime="2020-08-04T20:40:59Z"/><EventRecordID>521263062</EventRecordID><Channel>Application</Channel><Computer>RD0003FF98D71C</Computer><Security/></System><EventData><Data>APPLICATION_MANAGER::~APPLICATION_MANAGER | this=00AFAEC0 [TID 4204] [PID 5556]</Data></EventData></Event><Event><System><Provider Name="HttpPlatformHandler"/><EventID>2000</EventID><Level>4</Level><Task>0</Task><Keywords>Keywords</Keywords><TimeCreated SystemTime="2020-08-04T20:41:00Z"/><EventRecordID>521264109</EventRecordID><Channel>Application</Channel><Computer>RD0003FF98D71C</Computer><Security/></System><EventData><Data>========== HttpPlatformHandler dll unloaded ========== [TID 4204] [PID 5556]</Data></EventData></Event><Event><System><Provider Name="HttpPlatformHandler"/><EventID>2000</EventID><Level>4</Level><Task>0</Task><Keywords>Keywords</Keywords><TimeCreated SystemTime="2020-08-05T15:43:38Z"/><EventRecordID>589819171</EventRecordID><Channel>Application</Channel><Computer>RD0003FF98D71C</Computer><Security/></System><EventData><Data>Change in global configuration [TID 7516] [PID 4484]</Data></EventData></Event><Event><System><Provider Name="HttpPlatformHandler"/><EventID>2000</EventID><Level>4</Level><Task>0</Task><Keywords>Keywords</Keywords><TimeCreated SystemTime="2020-08-05T15:43:38Z"/><EventRecordID>589819187</EventRecordID><Channel>Application</Channel><Computer>RD0003FF98D71C</Computer><Security/></System><EventData><Data>Global configuration changed. Change path: MACHINE/WEBROOT/APPHOST/LENOX360-MOBILE, ApplicationManager: 04ED05A0 [TID 7516] [PID 4484]</Data></EventData></Event><Event><System><Provider Name="HttpPlatformHandler"/><EventID>2000</EventID><Level>4</Level><Task>0</Task><Keywords>Keywords</Keywords><TimeCreated SystemTime="2020-08-05T15:43:38Z"/><EventRecordID>589819203</EventRecordID><Channel>Application</Channel><Computer>RD0003FF98D71C</Computer><Security/></System><EventData><Data>Recycling application MACHINE/WEBROOT/APPHOST/LENOX360-MOBILE [TID 7516] [PID 4484]</Data></EventData></Event><Event><System><Provider Name="HttpPlatformHandler"/><EventID>2000</EventID><Level>4</Level><Task>0</Task><Keywords>Keywords</Keywords><TimeCreated SystemTime="2020-08-05T16:02:14Z"/><EventRecordID>590935671</EventRecordID><Channel>Application</Channel><Computer>RD0003FF98D71C</Computer><Security/></System><EventData><Data>Change in global configuration [TID 7576] [PID 4484]</Data></EventData></Event><Event><System><Provider Name="HttpPlatformHandler"/><EventID>2000</EventID><Level>4</Level><Task>0</Task><Keywords>Keywords</Keywords><TimeCreated SystemTime="2020-08-05T16:02:14Z"/><EventRecordID>590935687</EventRecordID><Channel>Application</Channel><Computer>RD0003FF98D71C</Computer><Security/></System><EventData><Data>Global configuration changed. Change path: MACHINE/WEBROOT/APPHOST/LENOX360-MOBILE, ApplicationManager: 04ED05A0 [TID 7576] [PID 4484]</Data></EventData></Event><Event><System><Provider Name="HttpPlatformHandler"/><EventID>2000</EventID><Level>4</Level><Task>0</Task><Keywords>Keywords</Keywords><TimeCreated SystemTime="2020-08-05T16:02:14Z"/><EventRecordID>590935703</EventRecordID><Channel>Application</Channel><Computer>RD0003FF98D71C</Computer><Security/></System><EventData><Data>Recycling application MACHINE/WEBROOT/APPHOST/LENOX360-MOBILE [TID 7576] [PID 4484]</Data></EventData></Event><Event><System><Provider Name="ASP.NET 2.0.50727.0"/><EventID>1310</EventID><Level>2</Level><Task>0</Task><Keywords>Keywords</Keywords><TimeCreated SystemTime="2020-08-05T16:02:20Z"/><EventRecordID>590942031</EventRecordID><Channel>Application</Channel><Computer>RD0003FF98D71C</Computer><Security/></System><EventData><Data>3008</Data><Data>A configuration error has occurred.</Data><Data>8/5/2020 4:02:20 PM</Data><Data>8/5/2020 4:02:20 PM</Data><Data>877513c324134093870423df618878e2</Data><Data>1</Data><Data>1</Data><Data>0</Data><Data>/LM/W3SVC/244476336/ROOT-1-132411169401527487</Data><Data>Full</Data><Data>/</Data><Data>D:\home\site\wwwroot\</Data><Data>RD0003FF98D71C</Data><Data/><Data>4484</Data><Data>w3wp.exe</Data><Data>IIS APPPOOL\Lenox360-Mobile</Data><Data>ConfigurationErrorsException</Data><Data>Unrecognized attribute 'targetFramework'. Note that attribute names are case-sensitive. (D:\home\site\wwwroot\web.config line 16)</Data><Data>https://lenox360-mobile.azurewebsites.net:443/api/main</Data><Data>/api/main</Data><Data>1.34.96.50</Data><Data/><Data>False</Data><Data/><Data>IIS APPPOOL\Lenox360-Mobile</Data><Data>6</Data><Data>IIS APPPOOL\Lenox360-Mobile</Data><Data>False</Data><Data>   at System.Web.HttpRuntime.HostingInit(HostingEnvironmentFlags hostingFlags)
</Data></EventData></Event><Event><System><Provider Name="HttpPlatformHandler"/><EventID>2000</EventID><Level>4</Level><Task>0</Task><Keywords>Keywords</Keywords><TimeCreated SystemTime="2020-08-05T16:02:21Z"/><EventRecordID>590942218</EventRecordID><Channel>Application</Channel><Computer>RD0003FF98D71C</Computer><Security/></System><EventData><Data>Change in global configuration [TID 3544] [PID 4484]</Data></EventData></Event><Event><System><Provider Name="HttpPlatformHandler"/><EventID>2000</EventID><Level>4</Level><Task>0</Task><Keywords>Keywords</Keywords><TimeCreated SystemTime="2020-08-05T16:02:21Z"/><EventRecordID>590942250</EventRecordID><Channel>Application</Channel><Computer>RD0003FF98D71C</Computer><Security/></System><EventData><Data>Global configuration changed. Change path: MACHINE/WEBROOT/APPHOST/LENOX360-MOBILE, ApplicationManager: 04ED05A0 [TID 3544] [PID 4484]</Data></EventData></Event><Event><System><Provider Name="HttpPlatformHandler"/><EventID>2000</EventID><Level>4</Level><Task>0</Task><Keywords>Keywords</Keywords><TimeCreated SystemTime="2020-08-05T16:02:21Z"/><EventRecordID>590942250</EventRecordID><Channel>Application</Channel><Computer>RD0003FF98D71C</Computer><Security/></System><EventData><Data>Recycling application MACHINE/WEBROOT/APPHOST/LENOX360-MOBILE [TID 3544] [PID 4484]</Data></EventData></Event><Event><System><Provider Name="ASP.NET 2.0.50727.0"/><EventID>1310</EventID><Level>2</Level><Task>0</Task><Keywords>Keywords</Keywords><TimeCreated SystemTime="2020-08-05T16:02:27Z"/><EventRecordID>590948281</EventRecordID><Channel>Application</Channel><Computer>RD0003FF98D71C</Computer><Security/></System><EventData><Data>3008</Data><Data>A configuration error has occurred.</Data><Data>8/5/2020 4:02:27 PM</Data><Data>8/5/2020 4:02:27 PM</Data><Data>2c15ef1062854978ab60c9f37921a0aa</Data><Data>1</Data><Data>1</Data><Data>0</Data><Data>/LM/W3SVC/244476336/ROOT-2-132411169470743849</Data><Data>Full</Data><Data>/</Data><Data>D:\home\site\wwwroot\</Data><Data>RD0003FF98D71C</Data><Data/><Data>4484</Data><Data>w3wp.exe</Data><Data>IIS APPPOOL\Lenox360-Mobile</Data><Data>ConfigurationErrorsException</Data><Data>Unrecognized attribute 'targetFramework'. Note that attribute names are case-sensitive. (D:\home\site\wwwroot\web.config line 16)</Data><Data>https://lenox360-mobile.azurewebsites.net:443/swagger</Data><Data>/swagger</Data><Data>1.34.96.50</Data><Data/><Data>False</Data><Data/><Data>IIS APPPOOL\Lenox360-Mobile</Data><Data>6</Data><Data>IIS APPPOOL\Lenox360-Mobile</Data><Data>False</Data><Data>   at System.Web.HttpRuntime.HostingInit(HostingEnvironmentFlags hostingFlags)
</Data></EventData></Event><Event><System><Provider Name="HttpPlatformHandler"/><EventID>2000</EventID><Level>4</Level><Task>0</Task><Keywords>Keywords</Keywords><TimeCreated SystemTime="2020-08-05T16:02:27Z"/><EventRecordID>590948312</EventRecordID><Channel>Application</Channel><Computer>RD0003FF98D71C</Computer><Security/></System><EventData><Data>Change in global configuration [TID 3544] [PID 4484]</Data></EventData></Event><Event><System><Provider Name="HttpPlatformHandler"/><EventID>2000</EventID><Level>4</Level><Task>0</Task><Keywords>Keywords</Keywords><TimeCreated SystemTime="2020-08-05T16:02:27Z"/><EventRecordID>590948328</EventRecordID><Channel>Application</Channel><Computer>RD0003FF98D71C</Computer><Security/></System><EventData><Data>Global configuration changed. Change path: MACHINE/WEBROOT/APPHOST/LENOX360-MOBILE, ApplicationManager: 04ED05A0 [TID 3544] [PID 4484]</Data></EventData></Event><Event><System><Provider Name="HttpPlatformHandler"/><EventID>2000</EventID><Level>4</Level><Task>0</Task><Keywords>Keywords</Keywords><TimeCreated SystemTime="2020-08-05T16:02:27Z"/><EventRecordID>590948343</EventRecordID><Channel>Application</Channel><Computer>RD0003FF98D71C</Computer><Security/></System><EventData><Data>Recycling application MACHINE/WEBROOT/APPHOST/LENOX360-MOBILE [TID 3544] [PID 4484]</Data></EventData></Event><Event><System><Provider Name="ASP.NET 2.0.50727.0"/><EventID>1310</EventID><Level>2</Level><Task>0</Task><Keywords>Keywords</Keywords><TimeCreated SystemTime="2020-08-05T16:02:35Z"/><EventRecordID>590956640</EventRecordID><Channel>Application</Channel><Computer>RD0003FF98D71C</Computer><Security/></System><EventData><Data>3008</Data><Data>A configuration error has occurred.</Data><Data>8/5/2020 4:02:35 PM</Data><Data>8/5/2020 4:02:35 PM</Data><Data>5640cd17ee794e068145eb0362015bb9</Data><Data>1</Data><Data>1</Data><Data>0</Data><Data>/LM/W3SVC/244476336/ROOT-3-132411169554525755</Data><Data>Full</Data><Data>/</Data><Data>D:\home\site\wwwroot\</Data><Data>RD0003FF98D71C</Data><Data/><Data>4484</Data><Data>w3wp.exe</Data><Data>IIS APPPOOL\Lenox360-Mobile</Data><Data>ConfigurationErrorsException</Data><Data>Unrecognized attribute 'targetFramework'. Note that attribute names are case-sensitive. (D:\home\site\wwwroot\web.config line 16)</Data><Data>https://lenox360-mobile.azurewebsites.net:443/api/swagger</Data><Data>/api/swagger</Data><Data>1.34.96.50</Data><Data/><Data>False</Data><Data/><Data>IIS APPPOOL\Lenox360-Mobile</Data><Data>6</Data><Data>IIS APPPOOL\Lenox360-Mobile</Data><Data>False</Data><Data>   at System.Web.HttpRuntime.HostingInit(HostingEnvironmentFlags hostingFlags)
</Data></EventData></Event><Event><System><Provider Name="HttpPlatformHandler"/><EventID>2000</EventID><Level>4</Level><Task>0</Task><Keywords>Keywords</Keywords><TimeCreated SystemTime="2020-08-05T16:02:35Z"/><EventRecordID>590956671</EventRecordID><Channel>Application</Channel><Computer>RD0003FF98D71C</Computer><Security/></System><EventData><Data>Change in global configuration [TID 3544] [PID 4484]</Data></EventData></Event><Event><System><Provider Name="HttpPlatformHandler"/><EventID>2000</EventID><Level>4</Level><Task>0</Task><Keywords>Keywords</Keywords><TimeCreated SystemTime="2020-08-05T16:02:35Z"/><EventRecordID>590956703</EventRecordID><Channel>Application</Channel><Computer>RD0003FF98D71C</Computer><Security/></System><EventData><Data>Global configuration changed. Change path: MACHINE/WEBROOT/APPHOST/LENOX360-MOBILE, ApplicationManager: 04ED05A0 [TID 3544] [PID 4484]</Data></EventData></Event><Event><System><Provider Name="HttpPlatformHandler"/><EventID>2000</EventID><Level>4</Level><Task>0</Task><Keywords>Keywords</Keywords><TimeCreated SystemTime="2020-08-05T16:02:35Z"/><EventRecordID>590956734</EventRecordID><Channel>Application</Channel><Computer>RD0003FF98D71C</Computer><Security/></System><EventData><Data>Recycling application MACHINE/WEBROOT/APPHOST/LENOX360-MOBILE [TID 3544] [PID 4484]</Data></EventData></Event><Event><System><Provider Name="HttpPlatformHandler"/><EventID>2000</EventID><Level>4</Level><Task>0</Task><Keywords>Keywords</Keywords><TimeCreated SystemTime="2020-08-05T16:04:13Z"/><EventRecordID>591054890</EventRecordID><Channel>Application</Channel><Computer>RD0003FF98D71C</Computer><Security/></System><EventData><Data>Change in global configuration [TID 7576] [PID 4484]</Data></EventData></Event><Event><System><Provider Name="HttpPlatformHandler"/><EventID>2000</EventID><Level>4</Level><Task>0</Task><Keywords>Keywords</Keywords><TimeCreated SystemTime="2020-08-05T16:04:13Z"/><EventRecordID>591054906</EventRecordID><Channel>Application</Channel><Computer>RD0003FF98D71C</Computer><Security/></System><EventData><Data>Global configuration changed. Change path: MACHINE/WEBROOT/APPHOST/LENOX360-MOBILE, ApplicationManager: 04ED05A0 [TID 7576] [PID 4484]</Data></EventData></Event><Event><System><Provider Name="HttpPlatformHandler"/><EventID>2000</EventID><Level>4</Level><Task>0</Task><Keywords>Keywords</Keywords><TimeCreated SystemTime="2020-08-05T16:04:13Z"/><EventRecordID>591054937</EventRecordID><Channel>Application</Channel><Computer>RD0003FF98D71C</Computer><Security/></System><EventData><Data>Recycling application MACHINE/WEBROOT/APPHOST/LENOX360-MOBILE [TID 7576] [PID 4484]</Data></EventData></Event><Event><System><Provider Name="HttpPlatformHandler"/><EventID>2000</EventID><Level>4</Level><Task>0</Task><Keywords>Keywords</Keywords><TimeCreated SystemTime="2020-08-05T16:23:05Z"/><EventRecordID>592186328</EventRecordID><Channel>Application</Channel><Computer>RD0003FF98D71C</Computer><Security/></System><EventData><Data>Change in global configuration [TID 7516] [PID 4484]</Data></EventData></Event><Event><System><Provider Name="HttpPlatformHandler"/><EventID>2000</EventID><Level>4</Level><Task>0</Task><Keywords>Keywords</Keywords><TimeCreated SystemTime="2020-08-05T16:23:05Z"/><EventRecordID>592186359</EventRecordID><Channel>Application</Channel><Computer>RD0003FF98D71C</Computer><Security/></System><EventData><Data>Global configuration changed. Change path: MACHINE/WEBROOT/APPHOST/LENOX360-MOBILE, ApplicationManager: 04ED05A0 [TID 7516] [PID 4484]</Data></EventData></Event><Event><System><Provider Name="HttpPlatformHandler"/><EventID>2000</EventID><Level>4</Level><Task>0</Task><Keywords>Keywords</Keywords><TimeCreated SystemTime="2020-08-05T16:23:05Z"/><EventRecordID>592186375</EventRecordID><Channel>Application</Channel><Computer>RD0003FF98D71C</Computer><Security/></System><EventData><Data>Recycling application MACHINE/WEBROOT/APPHOST/LENOX360-MOBILE [TID 7516] [PID 4484]</Data></EventData></Event><Event><System><Provider Name="HttpPlatformHandler"/><EventID>2000</EventID><Level>4</Level><Task>0</Task><Keywords>Keywords</Keywords><TimeCreated SystemTime="2020-08-06T00:20:05Z"/><EventRecordID>620805859</EventRecordID><Channel>Application</Channel><Computer>RD0003FF98D71C</Computer><Security/></System><EventData><Data>=========== HttpPlatformHandler dll loaded =========== [TID 5180] [PID 7832]</Data></EventData></Event><Event><System><Provider Name="HttpPlatformHandler"/><EventID>2000</EventID><Level>4</Level><Task>0</Task><Keywords>Keywords</Keywords><TimeCreated SystemTime="2020-08-06T00:20:05Z"/><EventRecordID>620805890</EventRecordID><Channel>Application</Channel><Computer>RD0003FF98D71C</Computer><Security/></System><EventData><Data>Platform Version (Antares Version): 88.0.7.45 [TID 5180] [PID 7832]</Data></EventData></Event><Event><System><Provider Name="HttpPlatformHandler"/><EventID>2000</EventID><Level>4</Level><Task>0</Task><Keywords>Keywords</Keywords><TimeCreated SystemTime="2020-08-06T00:20:05Z"/><EventRecordID>620805906</EventRecordID><Channel>Application</Channel><Computer>RD0003FF98D71C</Computer><Security/></System><EventData><Data>APPLICATION_MANAGER::APPLICATION_MANAGER | this=007CC410 [TID 5180] [PID 7832]</Data></EventData></Event><Event><System><Provider Name="HttpPlatformHandler"/><EventID>2000</EventID><Level>4</Level><Task>0</Task><Keywords>Keywords</Keywords><TimeCreated SystemTime="2020-08-06T00:20:05Z"/><EventRecordID>620805921</EventRecordID><Channel>Application</Channel><Computer>RD0003FF98D71C</Computer><Security/></System><EventData><Data>RegisterModule:334 | HRESULT : 00000000 (SUCCEEDED : 1) [TID 5180] [PID 7832]</Data></EventData></Event><Event><System><Provider Name="HttpPlatformHandler"/><EventID>2000</EventID><Level>4</Level><Task>0</Task><Keywords>Keywords</Keywords><TimeCreated SystemTime="2020-08-06T00:21:33Z"/><EventRecordID>620893640</EventRecordID><Channel>Application</Channel><Computer>RD0003FF98D71C</Computer><Security/></System><EventData><Data>Change in global configuration [TID 7576] [PID 4484]</Data></EventData></Event><Event><System><Provider Name="HttpPlatformHandler"/><EventID>2000</EventID><Level>4</Level><Task>0</Task><Keywords>Keywords</Keywords><TimeCreated SystemTime="2020-08-06T00:21:34Z"/><EventRecordID>620894265</EventRecordID><Channel>Application</Channel><Computer>RD0003FF98D71C</Computer><Security/></System><EventData><Data>=========== HttpPlatformHandler dll loaded =========== [TID 2024] [PID 6312]</Data></EventData></Event><Event><System><Provider Name="HttpPlatformHandler"/><EventID>2000</EventID><Level>4</Level><Task>0</Task><Keywords>Keywords</Keywords><TimeCreated SystemTime="2020-08-06T00:21:34Z"/><EventRecordID>620894296</EventRecordID><Channel>Application</Channel><Computer>RD0003FF98D71C</Computer><Security/></System><EventData><Data>Platform Version (Antares Version): 88.0.7.45 [TID 2024] [PID 6312]</Data></EventData></Event><Event><System><Provider Name="HttpPlatformHandler"/><EventID>2000</EventID><Level>4</Level><Task>0</Task><Keywords>Keywords</Keywords><TimeCreated SystemTime="2020-08-06T00:21:34Z"/><EventRecordID>620894312</EventRecordID><Channel>Application</Channel><Computer>RD0003FF98D71C</Computer><Security/></System><EventData><Data>APPLICATION_MANAGER::APPLICATION_MANAGER | this=052489E0 [TID 2024] [PID 6312]</Data></EventData></Event><Event><System><Provider Name="HttpPlatformHandler"/><EventID>2000</EventID><Level>4</Level><Task>0</Task><Keywords>Keywords</Keywords><TimeCreated SystemTime="2020-08-06T00:21:34Z"/><EventRecordID>620894328</EventRecordID><Channel>Application</Channel><Computer>RD0003FF98D71C</Computer><Security/></System><EventData><Data>RegisterModule:334 | HRESULT : 00000000 (SUCCEEDED : 1) [TID 2024] [PID 6312]</Data></EventData></Event><Event><System><Provider Name="W3SVC-WP"/><EventID>2307</EventID><Level>1</Level><Task>0</Task><Keywords>Keywords</Keywords><TimeCreated SystemTime="2020-08-06T00:21:34Z"/><EventRecordID>620894546</EventRecordID><Channel>Application</Channel><Computer>RD0003FF98D71C</Computer><Security/></System><EventData><Data>Lenox360-Mobile</Data><Data>The configuration section 'fullTrustAssemblies' cannot be read because it is missing a section declaration
</Data><Data>\\?\C:\DWASFiles\Sites\Lenox360-Mobile\Config\rootweb.config</Data><Data>13</Data><Binary>32000000</Binary></EventData></Event><Event><System><Provider Name="HttpPlatformHandler"/><EventID>2000</EventID><Level>4</Level><Task>0</Task><Keywords>Keywords</Keywords><TimeCreated SystemTime="2020-08-06T00:21:35Z"/><EventRecordID>620895312</EventRecordID><Channel>Application</Channel><Computer>RD0003FF98D71C</Computer><Security/></System><EventData><Data>CProxyModuleFactory::Terminate | this=04F632F0 [TID 2620] [PID 7832]</Data></EventData></Event><Event><System><Provider Name="HttpPlatformHandler"/><EventID>2000</EventID><Level>4</Level><Task>0</Task><Keywords>Keywords</Keywords><TimeCreated SystemTime="2020-08-06T00:21:35Z"/><EventRecordID>620895640</EventRecordID><Channel>Application</Channel><Computer>RD0003FF98D71C</Computer><Security/></System><EventData><Data>APPLICATION_MANAGER::~APPLICATION_MANAGER | this=007CC410 [TID 2620] [PID 7832]</Data></EventData></Event><Event><System><Provider Name="HttpPlatformHandler"/><EventID>2000</EventID><Level>4</Level><Task>0</Task><Keywords>Keywords</Keywords><TimeCreated SystemTime="2020-08-06T00:21:35Z"/><EventRecordID>620895828</EventRecordID><Channel>Application</Channel><Computer>RD0003FF98D71C</Computer><Security/></System><EventData><Data>CProxyModuleFactory::Terminate | this=04EC2448 [TID 7576] [PID 4484]</Data></EventData></Event><Event><System><Provider Name="HttpPlatformHandler"/><EventID>2000</EventID><Level>4</Level><Task>0</Task><Keywords>Keywords</Keywords><TimeCreated SystemTime="2020-08-06T00:21:35Z"/><EventRecordID>620895843</EventRecordID><Channel>Application</Channel><Computer>RD0003FF98D71C</Computer><Security/></System><EventData><Data>APPLICATION_MANAGER::~APPLICATION_MANAGER | this=04ED05A0 [TID 7576] [PID 4484]</Data></EventData></Event><Event><System><Provider Name="HttpPlatformHandler"/><EventID>2000</EventID><Level>4</Level><Task>0</Task><Keywords>Keywords</Keywords><TimeCreated SystemTime="2020-08-06T00:21:36Z"/><EventRecordID>620896687</EventRecordID><Channel>Application</Channel><Computer>RD0003FF98D71C</Computer><Security/></System><EventData><Data>========== HttpPlatformHandler dll unloaded ========== [TID 2620] [PID 7832]</Data></EventData></Event><Event><System><Provider Name="HttpPlatformHandler"/><EventID>2000</EventID><Level>4</Level><Task>0</Task><Keywords>Keywords</Keywords><TimeCreated SystemTime="2020-08-06T00:21:36Z"/><EventRecordID>620896968</EventRecordID><Channel>Application</Channel><Computer>RD0003FF98D71C</Computer><Security/></System><EventData><Data>========== HttpPlatformHandler dll unloaded ========== [TID 7576] [PID 4484]</Data></EventData></Event><Event><System><Provider Name="HttpPlatformHandler"/><EventID>2000</EventID><Level>4</Level><Task>0</Task><Keywords>Keywords</Keywords><TimeCreated SystemTime="2020-08-27T21:17:49Z"/><EventRecordID>-1784361156</EventRecordID><Channel>Application</Channel><Computer>RD0003FF98D71C</Computer><Security/></System><EventData><Data>=========== HttpPlatformHandler dll loaded =========== [TID 15696] [PID 17016]</Data></EventData></Event><Event><System><Provider Name="HttpPlatformHandler"/><EventID>2000</EventID><Level>4</Level><Task>0</Task><Keywords>Keywords</Keywords><TimeCreated SystemTime="2020-08-27T21:17:50Z"/><EventRecordID>-1784361093</EventRecordID><Channel>Application</Channel><Computer>RD0003FF98D71C</Computer><Security/></System><EventData><Data>Platform Version (Antares Version): 88.0.7.45 [TID 15696] [PID 17016]</Data></EventData></Event><Event><System><Provider Name="HttpPlatformHandler"/><EventID>2000</EventID><Level>4</Level><Task>0</Task><Keywords>Keywords</Keywords><TimeCreated SystemTime="2020-08-27T21:17:50Z"/><EventRecordID>-1784361062</EventRecordID><Channel>Application</Channel><Computer>RD0003FF98D71C</Computer><Security/></System><EventData><Data>APPLICATION_MANAGER::APPLICATION_MANAGER | this=0512D440 [TID 15696] [PID 17016]</Data></EventData></Event><Event><System><Provider Name="HttpPlatformHandler"/><EventID>2000</EventID><Level>4</Level><Task>0</Task><Keywords>Keywords</Keywords><TimeCreated SystemTime="2020-08-27T21:17:50Z"/><EventRecordID>-1784361031</EventRecordID><Channel>Application</Channel><Computer>RD0003FF98D71C</Computer><Security/></System><EventData><Data>RegisterModule:334 | HRESULT : 00000000 (SUCCEEDED : 1) [TID 15696] [PID 17016]</Data></EventData></Event><Event><System><Provider Name="HttpPlatformHandler"/><EventID>2000</EventID><Level>4</Level><Task>0</Task><Keywords>Keywords</Keywords><TimeCreated SystemTime="2020-08-27T21:17:52Z"/><EventRecordID>-1784358546</EventRecordID><Channel>Application</Channel><Computer>RD0003FF98D71C</Computer><Security/></System><EventData><Data>CProxyModuleFactory::Terminate | this=0524C390 [TID 16164] [PID 6312]</Data></EventData></Event><Event><System><Provider Name="HttpPlatformHandler"/><EventID>2000</EventID><Level>4</Level><Task>0</Task><Keywords>Keywords</Keywords><TimeCreated SystemTime="2020-08-27T21:17:52Z"/><EventRecordID>-1784358531</EventRecordID><Channel>Application</Channel><Computer>RD0003FF98D71C</Computer><Security/></System><EventData><Data>APPLICATION_MANAGER::~APPLICATION_MANAGER | this=052489E0 [TID 16164] [PID 6312]</Data></EventData></Event><Event><System><Provider Name="HttpPlatformHandler"/><EventID>2000</EventID><Level>4</Level><Task>0</Task><Keywords>Keywords</Keywords><TimeCreated SystemTime="2020-08-27T21:17:53Z"/><EventRecordID>-1784357437</EventRecordID><Channel>Application</Channel><Computer>RD0003FF98D71C</Computer><Security/></System><EventData><Data>========== HttpPlatformHandler dll unloaded ========== [TID 16164] [PID 6312]</Data></EventData></Event><Event><System><Provider Name="HttpPlatformHandler"/><EventID>2000</EventID><Level>4</Level><Task>0</Task><Keywords>Keywords</Keywords><TimeCreated SystemTime="2020-08-29T08:17:18Z"/><EventRecordID>-1658397031</EventRecordID><Channel>Application</Channel><Computer>RD0003FF98D71C</Computer><Security/></System><EventData><Data>CProxyModuleFactory::Terminate | this=0512DC00 [TID 13800] [PID 17016]</Data></EventData></Event><Event><System><Provider Name="HttpPlatformHandler"/><EventID>2000</EventID><Level>4</Level><Task>0</Task><Keywords>Keywords</Keywords><TimeCreated SystemTime="2020-08-29T08:17:18Z"/><EventRecordID>-1658396937</EventRecordID><Channel>Application</Channel><Computer>RD0003FF98D71C</Computer><Security/></System><EventData><Data>APPLICATION_MANAGER::~APPLICATION_MANAGER | this=0512D440 [TID 13800] [PID 17016]</Data></EventData></Event><Event><System><Provider Name="HttpPlatformHandler"/><EventID>2000</EventID><Level>4</Level><Task>0</Task><Keywords>Keywords</Keywords><TimeCreated SystemTime="2020-08-29T08:17:19Z"/><EventRecordID>-1658395765</EventRecordID><Channel>Application</Channel><Computer>RD0003FF98D71C</Computer><Security/></System><EventData><Data>========== HttpPlatformHandler dll unloaded ========== [TID 13800] [PID 17016]</Data></EventData></Event><Event><System><Provider Name="ASP.NET 4.0.30319.0"/><EventID>1310</EventID><Level>2</Level><Task>0</Task><Keywords>Keywords</Keywords><TimeCreated SystemTime="2020-10-30T10:13:19Z"/><EventRecordID>1428283656</EventRecordID><Channel>Application</Channel><Computer>RD0003FF98A090</Computer><Security/></System><EventData><Data>3008</Data><Data>A configuration error has occurred.</Data><Data>10/30/2020 10:13:19 AM</Data><Data>10/30/2020 10:13:19 AM</Data><Data>e11e605c67254a0eb5a8b0dcc5db7136</Data><Data>1</Data><Data>1</Data><Data>0</Data><Data>/LM/W3SVC/244476336/ROOT-7-132485263981895800</Data><Data>Full</Data><Data>/</Data><Data>D:\home\site\wwwroot\</Data><Data>RD0003FF98A090</Data><Data/><Data>3020</Data><Data>w3wp.exe</Data><Data>IIS APPPOOL\Lenox360-Mobile</Data><Data>ConfigurationErrorsException</Data><Data>Could not load file or assembly 'CPCWebApi2' or one of its dependencies. The process cannot access the file because it is being used by another process. (Exception from HRESULT: 0x80070020)
   at System.Web.Configuration.CompilationSection.LoadAssemblyHelper(String assemblyName, Boolean starDirective)
   at System.Web.Configuration.CompilationSection.LoadAllAssembliesFromAppDomainBinDirectory()
   at System.Web.Configuration.CompilationSection.LoadAssembly(AssemblyInfo ai)
   at System.Web.Compilation.BuildManager.GetReferencedAssemblies(CompilationSection compConfig)
   at System.Web.Compilation.BuildManager.GetPreStartInitMethodsFromReferencedAssemblies()
   at System.Web.Compilation.BuildManager.CallPreStartInitMethods(String preStartInitListPath, Boolean&amp; isRefAssemblyLoaded)
   at System.Web.Compilation.BuildManager.ExecutePreAppStart()
   at System.Web.Hosting.HostingEnvironment.Initialize(ApplicationManager appManager, IApplicationHost appHost, IConfigMapPathFactory configMapPathFactory, HostingEnvironmentParameters hostingParameters, PolicyLevel policyLevel, Exception appDomainCreationException)

Could not load file or assembly 'CPCWebApi2' or one of its dependencies. The process cannot access the file because it is being used by another process. (Exception from HRESULT: 0x80070020)
   at System.Reflection.RuntimeAssembly._nLoad(AssemblyName fileName, String codeBase, Evidence assemblySecurity, RuntimeAssembly locationHint, StackCrawlMark&amp; stackMark, IntPtr pPrivHostBinder, Boolean throwOnFileNotFound, Boolean forIntrospection, Boolean suppressSecurityChecks)
   at System.Reflection.RuntimeAssembly.nLoad(AssemblyName fileName, String codeBase, Evidence assemblySecurity, RuntimeAssembly locationHint, StackCrawlMark&amp; stackMark, IntPtr pPrivHostBinder, Boolean throwOnFileNotFound, Boolean forIntrospection, Boolean suppressSecurityChecks)
   at System.Reflection.RuntimeAssembly.InternalLoadAssemblyName(AssemblyName assemblyRef, Evidence assemblySecurity, RuntimeAssembly reqAssembly, StackCrawlMark&amp; stackMark, IntPtr pPrivHostBinder, Boolean throwOnFileNotFound, Boolean forIntrospection, Boolean suppressSecurityChecks)
   at System.Reflection.RuntimeAssembly.InternalLoad(String assemblyString, Evidence assemblySecurity, StackCrawlMark&amp; stackMark, IntPtr pPrivHostBinder, Boolean forIntrospection)
   at System.Reflection.RuntimeAssembly.InternalLoad(String assemblyString, Evidence assemblySecurity, StackCrawlMark&amp; stackMark, Boolean forIntrospection)
   at System.Reflection.Assembly.Load(String assemblyString)
   at System.Web.Configuration.CompilationSection.LoadAssemblyHelper(String assemblyName, Boolean starDirective)

</Data><Data>https://lenox360-mobile.azurewebsites.net:443/swagger/ui/index</Data><Data>/swagger/ui/index</Data><Data>123.192.82.99</Data><Data/><Data>False</Data><Data/><Data>IIS APPPOOL\Lenox360-Mobile</Data><Data>96</Data><Data>IIS APPPOOL\Lenox360-Mobile</Data><Data>False</Data><Data>   at System.Web.Configuration.CompilationSection.LoadAssemblyHelper(String assemblyName, Boolean starDirective)
   at System.Web.Configuration.CompilationSection.LoadAllAssembliesFromAppDomainBinDirectory()
   at System.Web.Configuration.CompilationSection.LoadAssembly(AssemblyInfo ai)
   at System.Web.Compilation.BuildManager.GetReferencedAssemblies(CompilationSection compConfig)
   at System.Web.Compilation.BuildManager.GetPreStartInitMethodsFromReferencedAssemblies()
   at System.Web.Compilation.BuildManager.CallPreStartInitMethods(String preStartInitListPath, Boolean&amp; isRefAssemblyLoaded)
   at System.Web.Compilation.BuildManager.ExecutePreAppStart()
   at System.Web.Hosting.HostingEnvironment.Initialize(ApplicationManager appManager, IApplicationHost appHost, IConfigMapPathFactory configMapPathFactory, HostingEnvironmentParameters hostingParameters, PolicyLevel policyLevel, Exception appDomainCreationException)
</Data></EventData></Event><Event><System><Provider Name="ASP.NET 4.0.30319.0"/><EventID>1309</EventID><Level>2</Level><Task>0</Task><Keywords>Keywords</Keywords><TimeCreated SystemTime="2020-11-11T15:23:27Z"/><EventRecordID>-1811303484</EventRecordID><Channel>Application</Channel><Computer>RD0003FF98A090</Computer><Security/></System><EventData><Data>3005</Data><Data>An unhandled exception has occurred.</Data><Data>11/11/2020 3:23:26 PM</Data><Data>11/11/2020 3:23:26 PM</Data><Data>cce1f200d69f42aa9bab52ae7219276d</Data><Data>1</Data><Data>1</Data><Data>0</Data><Data>/LM/W3SVC/244476336/ROOT-9-132495818003249336</Data><Data>Full</Data><Data>/</Data><Data>D:\home\site\wwwroot\</Data><Data>RD0003FF98A090</Data><Data/><Data>3020</Data><Data>w3wp.exe</Data><Data>IIS APPPOOL\Lenox360-Mobile</Data><Data>InvalidOperationException</Data><Data>The pre-application start initialization method Run on type WebActivatorEx.ActivationManager threw an exception with the following error message: Exception has been thrown by the target of an invocation..
   at System.Web.Compilation.BuildManager.InvokePreStartInitMethodsCore(ICollection`1 methods, Func`1 setHostingEnvironmentCultures)
   at System.Web.Compilation.BuildManager.InvokePreStartInitMethods(ICollection`1 methods)
   at System.Web.Compilation.BuildManager.CallPreStartInitMethods(String preStartInitListPath, Boolean&amp; isRefAssemblyLoaded)
   at System.Web.Compilation.BuildManager.ExecutePreAppStart()
   at System.Web.Hosting.HostingEnvironment.Initialize(ApplicationManager appManager, IApplicationHost appHost, IConfigMapPathFactory configMapPathFactory, HostingEnvironmentParameters hostingParameters, PolicyLevel policyLevel, Exception appDomainCreationException)

Exception has been thrown by the target of an invocation.
   at System.RuntimeMethodHandle.InvokeMethod(Object target, Object[] arguments, Signature sig, Boolean constructor)
   at System.Reflection.RuntimeMethodInfo.UnsafeInvokeInternal(Object obj, Object[] parameters, Object[] arguments)
   at System.Reflection.RuntimeMethodInfo.Invoke(Object obj, BindingFlags invokeAttr, Binder binder, Object[] parameters, CultureInfo culture)
   at WebActivatorEx.BaseActivationMethodAttribute.InvokeMethod()
   at WebActivatorEx.ActivationManager.RunActivationMethods[T](Boolean designerMode)
   at WebActivatorEx.ActivationManager.Run()

Could not load file or assembly 'System.Web.Http, Version=5.2.7.0, Culture=neutral, PublicKeyToken=31bf3856ad364e35' or one of its dependencies. The located assembly's manifest definition does not match the assembly reference. (Exception from HRESULT: 0x80131040)
   at CPCWebApi2.SwaggerConfig.Register()

</Data><Data>https://lenox360-mobile.azurewebsites.net:443/swagger/ui/index</Data><Data>/swagger/ui/index</Data><Data>1.34.96.50</Data><Data/><Data>False</Data><Data/><Data>IIS APPPOOL\Lenox360-Mobile</Data><Data>92</Data><Data>IIS APPPOOL\Lenox360-Mobile</Data><Data>False</Data><Data>   at System.Web.Compilation.BuildManager.InvokePreStartInitMethodsCore(ICollection`1 methods, Func`1 setHostingEnvironmentCultures)
   at System.Web.Compilation.BuildManager.InvokePreStartInitMethods(ICollection`1 methods)
   at System.Web.Compilation.BuildManager.CallPreStartInitMethods(String preStartInitListPath, Boolean&amp; isRefAssemblyLoaded)
   at System.Web.Compilation.BuildManager.ExecutePreAppStart()
   at System.Web.Hosting.HostingEnvironment.Initialize(ApplicationManager appManager, IApplicationHost appHost, IConfigMapPathFactory configMapPathFactory, HostingEnvironmentParameters hostingParameters, PolicyLevel policyLevel, Exception appDomainCreationException)
</Data></EventData></Event><Event><System><Provider Name="ASP.NET 4.0.30319.0"/><EventID>1309</EventID><Level>2</Level><Task>0</Task><Keywords>Keywords</Keywords><TimeCreated SystemTime="2020-11-11T15:23:47Z"/><EventRecordID>-1811282890</EventRecordID><Channel>Application</Channel><Computer>RD0003FF98A090</Computer><Security/></System><EventData><Data>3005</Data><Data>An unhandled exception has occurred.</Data><Data>11/11/2020 3:23:47 PM</Data><Data>11/11/2020 3:23:47 PM</Data><Data>7c1d911e137b41e999a8a8977a8af886</Data><Data>1</Data><Data>1</Data><Data>0</Data><Data>/LM/W3SVC/244476336/ROOT-10-132495818221335769</Data><Data>Full</Data><Data>/</Data><Data>D:\home\site\wwwroot\</Data><Data>RD0003FF98A090</Data><Data/><Data>3020</Data><Data>w3wp.exe</Data><Data>IIS APPPOOL\Lenox360-Mobile</Data><Data>InvalidOperationException</Data><Data>The pre-application start initialization method Run on type WebActivatorEx.ActivationManager threw an exception with the following error message: Exception has been thrown by the target of an invocation..
   at System.Web.Compilation.BuildManager.InvokePreStartInitMethodsCore(ICollection`1 methods, Func`1 setHostingEnvironmentCultures)
   at System.Web.Compilation.BuildManager.InvokePreStartInitMethods(ICollection`1 methods)
   at System.Web.Compilation.BuildManager.CallPreStartInitMethods(String preStartInitListPath, Boolean&amp; isRefAssemblyLoaded)
   at System.Web.Compilation.BuildManager.ExecutePreAppStart()
   at System.Web.Hosting.HostingEnvironment.Initialize(ApplicationManager appManager, IApplicationHost appHost, IConfigMapPathFactory configMapPathFactory, HostingEnvironmentParameters hostingParameters, PolicyLevel policyLevel, Exception appDomainCreationException)

Exception has been thrown by the target of an invocation.
   at System.RuntimeMethodHandle.InvokeMethod(Object target, Object[] arguments, Signature sig, Boolean constructor)
   at System.Reflection.RuntimeMethodInfo.UnsafeInvokeInternal(Object obj, Object[] parameters, Object[] arguments)
   at System.Reflection.RuntimeMethodInfo.Invoke(Object obj, BindingFlags invokeAttr, Binder binder, Object[] parameters, CultureInfo culture)
   at WebActivatorEx.BaseActivationMethodAttribute.InvokeMethod()
   at WebActivatorEx.ActivationManager.RunActivationMethods[T](Boolean designerMode)
   at WebActivatorEx.ActivationManager.Run()

Could not load file or assembly 'System.Web.Http, Version=5.2.7.0, Culture=neutral, PublicKeyToken=31bf3856ad364e35' or one of its dependencies. The located assembly's manifest definition does not match the assembly reference. (Exception from HRESULT: 0x80131040)
   at CPCWebApi2.SwaggerConfig.Register()

</Data><Data>https://lenox360-mobile.azurewebsites.net:443/swagger/ui/index</Data><Data>/swagger/ui/index</Data><Data>1.34.96.50</Data><Data/><Data>False</Data><Data/><Data>IIS APPPOOL\Lenox360-Mobile</Data><Data>92</Data><Data>IIS APPPOOL\Lenox360-Mobile</Data><Data>False</Data><Data>   at System.Web.Compilation.BuildManager.InvokePreStartInitMethodsCore(ICollection`1 methods, Func`1 setHostingEnvironmentCultures)
   at System.Web.Compilation.BuildManager.InvokePreStartInitMethods(ICollection`1 methods)
   at System.Web.Compilation.BuildManager.CallPreStartInitMethods(String preStartInitListPath, Boolean&amp; isRefAssemblyLoaded)
   at System.Web.Compilation.BuildManager.ExecutePreAppStart()
   at System.Web.Hosting.HostingEnvironment.Initialize(ApplicationManager appManager, IApplicationHost appHost, IConfigMapPathFactory configMapPathFactory, HostingEnvironmentParameters hostingParameters, PolicyLevel policyLevel, Exception appDomainCreationException)
</Data></EventData></Event><Event><System><Provider Name="ASP.NET 4.0.30319.0"/><EventID>1309</EventID><Level>2</Level><Task>0</Task><Keywords>Keywords</Keywords><TimeCreated SystemTime="2020-11-11T15:24:12Z"/><EventRecordID>-1811257875</EventRecordID><Channel>Application</Channel><Computer>RD0003FF98A090</Computer><Security/></System><EventData><Data>3005</Data><Data>An unhandled exception has occurred.</Data><Data>11/11/2020 3:24:12 PM</Data><Data>11/11/2020 3:24:12 PM</Data><Data>87d8cc24a78f415897850d13c3e145f8</Data><Data>1</Data><Data>1</Data><Data>0</Data><Data>/LM/W3SVC/244476336/ROOT-11-132495818496169437</Data><Data>Full</Data><Data>/</Data><Data>D:\home\site\wwwroot\</Data><Data>RD0003FF98A090</Data><Data/><Data>3020</Data><Data>w3wp.exe</Data><Data>IIS APPPOOL\Lenox360-Mobile</Data><Data>InvalidOperationException</Data><Data>The pre-application start initialization method Run on type WebActivatorEx.ActivationManager threw an exception with the following error message: Exception has been thrown by the target of an invocation..
   at System.Web.Compilation.BuildManager.InvokePreStartInitMethodsCore(ICollection`1 methods, Func`1 setHostingEnvironmentCultures)
   at System.Web.Compilation.BuildManager.InvokePreStartInitMethods(ICollection`1 methods)
   at System.Web.Compilation.BuildManager.CallPreStartInitMethods(String preStartInitListPath, Boolean&amp; isRefAssemblyLoaded)
   at System.Web.Compilation.BuildManager.ExecutePreAppStart()
   at System.Web.Hosting.HostingEnvironment.Initialize(ApplicationManager appManager, IApplicationHost appHost, IConfigMapPathFactory configMapPathFactory, HostingEnvironmentParameters hostingParameters, PolicyLevel policyLevel, Exception appDomainCreationException)

Exception has been thrown by the target of an invocation.
   at System.RuntimeMethodHandle.InvokeMethod(Object target, Object[] arguments, Signature sig, Boolean constructor)
   at System.Reflection.RuntimeMethodInfo.UnsafeInvokeInternal(Object obj, Object[] parameters, Object[] arguments)
   at System.Reflection.RuntimeMethodInfo.Invoke(Object obj, BindingFlags invokeAttr, Binder binder, Object[] parameters, CultureInfo culture)
   at WebActivatorEx.BaseActivationMethodAttribute.InvokeMethod()
   at WebActivatorEx.ActivationManager.RunActivationMethods[T](Boolean designerMode)
   at WebActivatorEx.ActivationManager.Run()

Could not load file or assembly 'System.Web.Http, Version=5.2.7.0, Culture=neutral, PublicKeyToken=31bf3856ad364e35' or one of its dependencies. The located assembly's manifest definition does not match the assembly reference. (Exception from HRESULT: 0x80131040)
   at CPCWebApi2.SwaggerConfig.Register()

</Data><Data>https://lenox360-mobile.azurewebsites.net:443/swagger/ui/index</Data><Data>/swagger/ui/index</Data><Data>1.34.96.50</Data><Data/><Data>False</Data><Data/><Data>IIS APPPOOL\Lenox360-Mobile</Data><Data>93</Data><Data>IIS APPPOOL\Lenox360-Mobile</Data><Data>False</Data><Data>   at System.Web.Compilation.BuildManager.InvokePreStartInitMethodsCore(ICollection`1 methods, Func`1 setHostingEnvironmentCultures)
   at System.Web.Compilation.BuildManager.InvokePreStartInitMethods(ICollection`1 methods)
   at System.Web.Compilation.BuildManager.CallPreStartInitMethods(String preStartInitListPath, Boolean&amp; isRefAssemblyLoaded)
   at System.Web.Compilation.BuildManager.ExecutePreAppStart()
   at System.Web.Hosting.HostingEnvironment.Initialize(ApplicationManager appManager, IApplicationHost appHost, IConfigMapPathFactory configMapPathFactory, HostingEnvironmentParameters hostingParameters, PolicyLevel policyLevel, Exception appDomainCreationException)
</Data></EventData></Event><Event><System><Provider Name="ASP.NET 4.0.30319.0"/><EventID>1309</EventID><Level>2</Level><Task>0</Task><Keywords>Keywords</Keywords><TimeCreated SystemTime="2020-11-11T15:25:30Z"/><EventRecordID>-1811179609</EventRecordID><Channel>Application</Channel><Computer>RD0003FF98A090</Computer><Security/></System><EventData><Data>3005</Data><Data>An unhandled exception has occurred.</Data><Data>11/11/2020 3:25:30 PM</Data><Data>11/11/2020 3:25:30 PM</Data><Data>8c563f8db2464fd6a1aefaaefe7ab3e7</Data><Data>1</Data><Data>1</Data><Data>0</Data><Data>/LM/W3SVC/244476336/ROOT-12-132495819283634871</Data><Data>Full</Data><Data>/</Data><Data>D:\home\site\wwwroot\</Data><Data>RD0003FF98A090</Data><Data/><Data>3020</Data><Data>w3wp.exe</Data><Data>IIS APPPOOL\Lenox360-Mobile</Data><Data>InvalidOperationException</Data><Data>The pre-application start initialization method Run on type WebActivatorEx.ActivationManager threw an exception with the following error message: Exception has been thrown by the target of an invocation..
   at System.Web.Compilation.BuildManager.InvokePreStartInitMethodsCore(ICollection`1 methods, Func`1 setHostingEnvironmentCultures)
   at System.Web.Compilation.BuildManager.InvokePreStartInitMethods(ICollection`1 methods)
   at System.Web.Compilation.BuildManager.CallPreStartInitMethods(String preStartInitListPath, Boolean&amp; isRefAssemblyLoaded)
   at System.Web.Compilation.BuildManager.ExecutePreAppStart()
   at System.Web.Hosting.HostingEnvironment.Initialize(ApplicationManager appManager, IApplicationHost appHost, IConfigMapPathFactory configMapPathFactory, HostingEnvironmentParameters hostingParameters, PolicyLevel policyLevel, Exception appDomainCreationException)

Exception has been thrown by the target of an invocation.
   at System.RuntimeMethodHandle.InvokeMethod(Object target, Object[] arguments, Signature sig, Boolean constructor)
   at System.Reflection.RuntimeMethodInfo.UnsafeInvokeInternal(Object obj, Object[] parameters, Object[] arguments)
   at System.Reflection.RuntimeMethodInfo.Invoke(Object obj, BindingFlags invokeAttr, Binder binder, Object[] parameters, CultureInfo culture)
   at WebActivatorEx.BaseActivationMethodAttribute.InvokeMethod()
   at WebActivatorEx.ActivationManager.RunActivationMethods[T](Boolean designerMode)
   at WebActivatorEx.ActivationManager.Run()

Could not load file or assembly 'System.Web.Http, Version=5.2.7.0, Culture=neutral, PublicKeyToken=31bf3856ad364e35' or one of its dependencies. The located assembly's manifest definition does not match the assembly reference. (Exception from HRESULT: 0x80131040)
   at CPCWebApi2.SwaggerConfig.Register()

</Data><Data>https://lenox360-mobile.azurewebsites.net:443/swagger/ui/index</Data><Data>/swagger/ui/index</Data><Data>1.34.96.50</Data><Data/><Data>False</Data><Data/><Data>IIS APPPOOL\Lenox360-Mobile</Data><Data>92</Data><Data>IIS APPPOOL\Lenox360-Mobile</Data><Data>False</Data><Data>   at System.Web.Compilation.BuildManager.InvokePreStartInitMethodsCore(ICollection`1 methods, Func`1 setHostingEnvironmentCultures)
   at System.Web.Compilation.BuildManager.InvokePreStartInitMethods(ICollection`1 methods)
   at System.Web.Compilation.BuildManager.CallPreStartInitMethods(String preStartInitListPath, Boolean&amp; isRefAssemblyLoaded)
   at System.Web.Compilation.BuildManager.ExecutePreAppStart()
   at System.Web.Hosting.HostingEnvironment.Initialize(ApplicationManager appManager, IApplicationHost appHost, IConfigMapPathFactory configMapPathFactory, HostingEnvironmentParameters hostingParameters, PolicyLevel policyLevel, Exception appDomainCreationException)
</Data></EventData></Event><Event><System><Provider Name="ASP.NET 4.0.30319.0"/><EventID>1309</EventID><Level>2</Level><Task>0</Task><Keywords>Keywords</Keywords><TimeCreated SystemTime="2020-11-11T15:26:31Z"/><EventRecordID>-1811118781</EventRecordID><Channel>Application</Channel><Computer>RD0003FF98A090</Computer><Security/></System><EventData><Data>3005</Data><Data>An unhandled exception has occurred.</Data><Data>11/11/2020 3:26:31 PM</Data><Data>11/11/2020 3:26:31 PM</Data><Data>a1c5d0fbf88949feb9b5009c680bf233</Data><Data>1</Data><Data>1</Data><Data>0</Data><Data>/LM/W3SVC/244476336/ROOT-13-132495819891264180</Data><Data>Full</Data><Data>/</Data><Data>D:\home\site\wwwroot\</Data><Data>RD0003FF98A090</Data><Data/><Data>3020</Data><Data>w3wp.exe</Data><Data>IIS APPPOOL\Lenox360-Mobile</Data><Data>InvalidOperationException</Data><Data>The pre-application start initialization method Run on type WebActivatorEx.ActivationManager threw an exception with the following error message: Exception has been thrown by the target of an invocation..
   at System.Web.Compilation.BuildManager.InvokePreStartInitMethodsCore(ICollection`1 methods, Func`1 setHostingEnvironmentCultures)
   at System.Web.Compilation.BuildManager.InvokePreStartInitMethods(ICollection`1 methods)
   at System.Web.Compilation.BuildManager.CallPreStartInitMethods(String preStartInitListPath, Boolean&amp; isRefAssemblyLoaded)
   at System.Web.Compilation.BuildManager.ExecutePreAppStart()
   at System.Web.Hosting.HostingEnvironment.Initialize(ApplicationManager appManager, IApplicationHost appHost, IConfigMapPathFactory configMapPathFactory, HostingEnvironmentParameters hostingParameters, PolicyLevel policyLevel, Exception appDomainCreationException)

Exception has been thrown by the target of an invocation.
   at System.RuntimeMethodHandle.InvokeMethod(Object target, Object[] arguments, Signature sig, Boolean constructor)
   at System.Reflection.RuntimeMethodInfo.UnsafeInvokeInternal(Object obj, Object[] parameters, Object[] arguments)
   at System.Reflection.RuntimeMethodInfo.Invoke(Object obj, BindingFlags invokeAttr, Binder binder, Object[] parameters, CultureInfo culture)
   at WebActivatorEx.BaseActivationMethodAttribute.InvokeMethod()
   at WebActivatorEx.ActivationManager.RunActivationMethods[T](Boolean designerMode)
   at WebActivatorEx.ActivationManager.Run()

Could not load file or assembly 'System.Web.Http, Version=5.2.7.0, Culture=neutral, PublicKeyToken=31bf3856ad364e35' or one of its dependencies. The located assembly's manifest definition does not match the assembly reference. (Exception from HRESULT: 0x80131040)
   at CPCWebApi2.SwaggerConfig.Register()

</Data><Data>https://lenox360-mobile.azurewebsites.net:443/swagger/ui/index</Data><Data>/swagger/ui/index</Data><Data>1.34.96.50</Data><Data/><Data>False</Data><Data/><Data>IIS APPPOOL\Lenox360-Mobile</Data><Data>93</Data><Data>IIS APPPOOL\Lenox360-Mobile</Data><Data>False</Data><Data>   at System.Web.Compilation.BuildManager.InvokePreStartInitMethodsCore(ICollection`1 methods, Func`1 setHostingEnvironmentCultures)
   at System.Web.Compilation.BuildManager.InvokePreStartInitMethods(ICollection`1 methods)
   at System.Web.Compilation.BuildManager.CallPreStartInitMethods(String preStartInitListPath, Boolean&amp; isRefAssemblyLoaded)
   at System.Web.Compilation.BuildManager.ExecutePreAppStart()
   at System.Web.Hosting.HostingEnvironment.Initialize(ApplicationManager appManager, IApplicationHost appHost, IConfigMapPathFactory configMapPathFactory, HostingEnvironmentParameters hostingParameters, PolicyLevel policyLevel, Exception appDomainCreationException)
</Data></EventData></Event><Event><System><Provider Name="ASP.NET 4.0.30319.0"/><EventID>1310</EventID><Level>2</Level><Task>0</Task><Keywords>Keywords</Keywords><TimeCreated SystemTime="2020-11-11T15:28:20Z"/><EventRecordID>-1811010218</EventRecordID><Channel>Application</Channel><Computer>RD0003FF98A090</Computer><Security/></System><EventData><Data>3008</Data><Data>A configuration error has occurred.</Data><Data>11/11/2020 3:28:20 PM</Data><Data>11/11/2020 3:28:20 PM</Data><Data>9b0f823a56ef45c385a102067f2f6763</Data><Data>1</Data><Data>1</Data><Data>0</Data><Data>/LM/W3SVC/244476336/ROOT-14-132495820982051066</Data><Data>Full</Data><Data>/</Data><Data>D:\home\site\wwwroot\</Data><Data>RD0003FF98A090</Data><Data/><Data>3020</Data><Data>w3wp.exe</Data><Data>IIS APPPOOL\Lenox360-Mobile</Data><Data>ConfigurationErrorsException</Data><Data>Could not load file or assembly 'System.Net.Http.Formatting, Version=5.2.7.0, Culture=neutral, PublicKeyToken=31bf3856ad364e35' or one of its dependencies. The located assembly's manifest definition does not match the assembly reference. (Exception from HRESULT: 0x80131040)
   at System.Web.Configuration.CompilationSection.LoadAssemblyHelper(String assemblyName, Boolean starDirective)
   at System.Web.Configuration.CompilationSection.LoadAllAssembliesFromAppDomainBinDirectory()
   at System.Web.Configuration.CompilationSection.LoadAssembly(AssemblyInfo ai)
   at System.Web.Compilation.BuildManager.GetReferencedAssemblies(CompilationSection compConfig)
   at System.Web.Compilation.BuildManager.GetPreStartInitMethodsFromReferencedAssemblies()
   at System.Web.Compilation.BuildManager.CallPreStartInitMethods(String preStartInitListPath, Boolean&amp; isRefAssemblyLoaded)
   at System.Web.Compilation.BuildManager.ExecutePreAppStart()
   at System.Web.Hosting.HostingEnvironment.Initialize(ApplicationManager appManager, IApplicationHost appHost, IConfigMapPathFactory configMapPathFactory, HostingEnvironmentParameters hostingParameters, PolicyLevel policyLevel, Exception appDomainCreationException)

Could not load file or assembly 'System.Net.Http.Formatting, Version=5.2.7.0, Culture=neutral, PublicKeyToken=31bf3856ad364e35' or one of its dependencies. The located assembly's manifest definition does not match the assembly reference. (Exception from HRESULT: 0x80131040)
   at System.Reflection.RuntimeAssembly._nLoad(AssemblyName fileName, String codeBase, Evidence assemblySecurity, RuntimeAssembly locationHint, StackCrawlMark&amp; stackMark, IntPtr pPrivHostBinder, Boolean throwOnFileNotFound, Boolean forIntrospection, Boolean suppressSecurityChecks)
   at System.Reflection.RuntimeAssembly.nLoad(AssemblyName fileName, String codeBase, Evidence assemblySecurity, RuntimeAssembly locationHint, StackCrawlMark&amp; stackMark, IntPtr pPrivHostBinder, Boolean throwOnFileNotFound, Boolean forIntrospection, Boolean suppressSecurityChecks)
   at System.Reflection.RuntimeAssembly.InternalLoadAssemblyName(AssemblyName assemblyRef, Evidence assemblySecurity, RuntimeAssembly reqAssembly, StackCrawlMark&amp; stackMark, IntPtr pPrivHostBinder, Boolean throwOnFileNotFound, Boolean forIntrospection, Boolean suppressSecurityChecks)
   at System.Reflection.RuntimeAssembly.InternalLoad(String assemblyString, Evidence assemblySecurity, StackCrawlMark&amp; stackMark, IntPtr pPrivHostBinder, Boolean forIntrospection)
   at System.Reflection.RuntimeAssembly.InternalLoad(String assemblyString, Evidence assemblySecurity, StackCrawlMark&amp; stackMark, Boolean forIntrospection)
   at System.Reflection.Assembly.Load(String assemblyString)
   at System.Web.Configuration.CompilationSection.LoadAssemblyHelper(String assemblyName, Boolean starDirective)

Could not load file or assembly 'System.Net.Http.Formatting' or one of its dependencies. The located assembly's manifest definition does not match the assembly reference. (Exception from HRESULT: 0x80131040)

</Data><Data>https://lenox360-mobile.azurewebsites.net:443/swagger/ui/index</Data><Data>/swagger/ui/index</Data><Data>1.34.96.50</Data><Data/><Data>False</Data><Data/><Data>IIS APPPOOL\Lenox360-Mobile</Data><Data>93</Data><Data>IIS APPPOOL\Lenox360-Mobile</Data><Data>False</Data><Data>   at System.Web.Configuration.CompilationSection.LoadAssemblyHelper(String assemblyName, Boolean starDirective)
   at System.Web.Configuration.CompilationSection.LoadAllAssembliesFromAppDomainBinDirectory()
   at System.Web.Configuration.CompilationSection.LoadAssembly(AssemblyInfo ai)
   at System.Web.Compilation.BuildManager.GetReferencedAssemblies(CompilationSection compConfig)
   at System.Web.Compilation.BuildManager.GetPreStartInitMethodsFromReferencedAssemblies()
   at System.Web.Compilation.BuildManager.CallPreStartInitMethods(String preStartInitListPath, Boolean&amp; isRefAssemblyLoaded)
   at System.Web.Compilation.BuildManager.ExecutePreAppStart()
   at System.Web.Hosting.HostingEnvironment.Initialize(ApplicationManager appManager, IApplicationHost appHost, IConfigMapPathFactory configMapPathFactory, HostingEnvironmentParameters hostingParameters, PolicyLevel policyLevel, Exception appDomainCreationException)
</Data></EventData></Event><Event><System><Provider Name="ASP.NET 4.0.30319.0"/><EventID>1310</EventID><Level>2</Level><Task>0</Task><Keywords>Keywords</Keywords><TimeCreated SystemTime="2020-11-11T15:29:27Z"/><EventRecordID>-1810942656</EventRecordID><Channel>Application</Channel><Computer>RD0003FF98A090</Computer><Security/></System><EventData><Data>3008</Data><Data>A configuration error has occurred.</Data><Data>11/11/2020 3:29:27 PM</Data><Data>11/11/2020 3:29:27 PM</Data><Data>4088473af76e44c89b89e79fa2f8cddd</Data><Data>1</Data><Data>1</Data><Data>0</Data><Data>/LM/W3SVC/244476336/ROOT-15-132495821657849994</Data><Data>Full</Data><Data>/</Data><Data>D:\home\site\wwwroot\</Data><Data>RD0003FF98A090</Data><Data/><Data>3020</Data><Data>w3wp.exe</Data><Data>IIS APPPOOL\Lenox360-Mobile</Data><Data>ConfigurationErrorsException</Data><Data>Could not load file or assembly 'System.Net.Http.Formatting, Version=5.2.7.0, Culture=neutral, PublicKeyToken=31bf3856ad364e35' or one of its dependencies. The located assembly's manifest definition does not match the assembly reference. (Exception from HRESULT: 0x80131040)
   at System.Web.Configuration.CompilationSection.LoadAssemblyHelper(String assemblyName, Boolean starDirective)
   at System.Web.Configuration.CompilationSection.LoadAllAssembliesFromAppDomainBinDirectory()
   at System.Web.Configuration.CompilationSection.LoadAssembly(AssemblyInfo ai)
   at System.Web.Compilation.BuildManager.GetReferencedAssemblies(CompilationSection compConfig)
   at System.Web.Compilation.BuildManager.GetPreStartInitMethodsFromReferencedAssemblies()
   at System.Web.Compilation.BuildManager.CallPreStartInitMethods(String preStartInitListPath, Boolean&amp; isRefAssemblyLoaded)
   at System.Web.Compilation.BuildManager.ExecutePreAppStart()
   at System.Web.Hosting.HostingEnvironment.Initialize(ApplicationManager appManager, IApplicationHost appHost, IConfigMapPathFactory configMapPathFactory, HostingEnvironmentParameters hostingParameters, PolicyLevel policyLevel, Exception appDomainCreationException)

Could not load file or assembly 'System.Net.Http.Formatting, Version=5.2.7.0, Culture=neutral, PublicKeyToken=31bf3856ad364e35' or one of its dependencies. The located assembly's manifest definition does not match the assembly reference. (Exception from HRESULT: 0x80131040)
   at System.Reflection.RuntimeAssembly._nLoad(AssemblyName fileName, String codeBase, Evidence assemblySecurity, RuntimeAssembly locationHint, StackCrawlMark&amp; stackMark, IntPtr pPrivHostBinder, Boolean throwOnFileNotFound, Boolean forIntrospection, Boolean suppressSecurityChecks)
   at System.Reflection.RuntimeAssembly.nLoad(AssemblyName fileName, String codeBase, Evidence assemblySecurity, RuntimeAssembly locationHint, StackCrawlMark&amp; stackMark, IntPtr pPrivHostBinder, Boolean throwOnFileNotFound, Boolean forIntrospection, Boolean suppressSecurityChecks)
   at System.Reflection.RuntimeAssembly.InternalLoadAssemblyName(AssemblyName assemblyRef, Evidence assemblySecurity, RuntimeAssembly reqAssembly, StackCrawlMark&amp; stackMark, IntPtr pPrivHostBinder, Boolean throwOnFileNotFound, Boolean forIntrospection, Boolean suppressSecurityChecks)
   at System.Reflection.RuntimeAssembly.InternalLoad(String assemblyString, Evidence assemblySecurity, StackCrawlMark&amp; stackMark, IntPtr pPrivHostBinder, Boolean forIntrospection)
   at System.Reflection.RuntimeAssembly.InternalLoad(String assemblyString, Evidence assemblySecurity, StackCrawlMark&amp; stackMark, Boolean forIntrospection)
   at System.Reflection.Assembly.Load(String assemblyString)
   at System.Web.Configuration.CompilationSection.LoadAssemblyHelper(String assemblyName, Boolean starDirective)

Could not load file or assembly 'System.Net.Http.Formatting' or one of its dependencies. The located assembly's manifest definition does not match the assembly reference. (Exception from HRESULT: 0x80131040)

</Data><Data>https://lenox360-mobile.azurewebsites.net:443/swagger/ui/index</Data><Data>/swagger/ui/index</Data><Data>1.34.96.50</Data><Data/><Data>False</Data><Data/><Data>IIS APPPOOL\Lenox360-Mobile</Data><Data>93</Data><Data>IIS APPPOOL\Lenox360-Mobile</Data><Data>False</Data><Data>   at System.Web.Configuration.CompilationSection.LoadAssemblyHelper(String assemblyName, Boolean starDirective)
   at System.Web.Configuration.CompilationSection.LoadAllAssembliesFromAppDomainBinDirectory()
   at System.Web.Configuration.CompilationSection.LoadAssembly(AssemblyInfo ai)
   at System.Web.Compilation.BuildManager.GetReferencedAssemblies(CompilationSection compConfig)
   at System.Web.Compilation.BuildManager.GetPreStartInitMethodsFromReferencedAssemblies()
   at System.Web.Compilation.BuildManager.CallPreStartInitMethods(String preStartInitListPath, Boolean&amp; isRefAssemblyLoaded)
   at System.Web.Compilation.BuildManager.ExecutePreAppStart()
   at System.Web.Hosting.HostingEnvironment.Initialize(ApplicationManager appManager, IApplicationHost appHost, IConfigMapPathFactory configMapPathFactory, HostingEnvironmentParameters hostingParameters, PolicyLevel policyLevel, Exception appDomainCreationException)
</Data></EventData></Event><Event><System><Provider Name="ASP.NET 4.0.30319.0"/><EventID>1310</EventID><Level>2</Level><Task>0</Task><Keywords>Keywords</Keywords><TimeCreated SystemTime="2020-11-11T15:29:43Z"/><EventRecordID>-1810927203</EventRecordID><Channel>Application</Channel><Computer>RD0003FF98A090</Computer><Security/></System><EventData><Data>3008</Data><Data>A configuration error has occurred.</Data><Data>11/11/2020 3:29:43 PM</Data><Data>11/11/2020 3:29:43 PM</Data><Data>2875de75aa2b435887585b36b563e0f7</Data><Data>1</Data><Data>1</Data><Data>0</Data><Data>/LM/W3SVC/244476336/ROOT-16-132495821813744191</Data><Data>Full</Data><Data>/</Data><Data>D:\home\site\wwwroot\</Data><Data>RD0003FF98A090</Data><Data/><Data>3020</Data><Data>w3wp.exe</Data><Data>IIS APPPOOL\Lenox360-Mobile</Data><Data>ConfigurationErrorsException</Data><Data>Could not load file or assembly 'System.Net.Http.Formatting, Version=5.2.7.0, Culture=neutral, PublicKeyToken=31bf3856ad364e35' or one of its dependencies. The located assembly's manifest definition does not match the assembly reference. (Exception from HRESULT: 0x80131040)
   at System.Web.Configuration.CompilationSection.LoadAssemblyHelper(String assemblyName, Boolean starDirective)
   at System.Web.Configuration.CompilationSection.LoadAllAssembliesFromAppDomainBinDirectory()
   at System.Web.Configuration.CompilationSection.LoadAssembly(AssemblyInfo ai)
   at System.Web.Compilation.BuildManager.GetReferencedAssemblies(CompilationSection compConfig)
   at System.Web.Compilation.BuildManager.GetPreStartInitMethodsFromReferencedAssemblies()
   at System.Web.Compilation.BuildManager.CallPreStartInitMethods(String preStartInitListPath, Boolean&amp; isRefAssemblyLoaded)
   at System.Web.Compilation.BuildManager.ExecutePreAppStart()
   at System.Web.Hosting.HostingEnvironment.Initialize(ApplicationManager appManager, IApplicationHost appHost, IConfigMapPathFactory configMapPathFactory, HostingEnvironmentParameters hostingParameters, PolicyLevel policyLevel, Exception appDomainCreationException)

Could not load file or assembly 'System.Net.Http.Formatting, Version=5.2.7.0, Culture=neutral, PublicKeyToken=31bf3856ad364e35' or one of its dependencies. The located assembly's manifest definition does not match the assembly reference. (Exception from HRESULT: 0x80131040)
   at System.Reflection.RuntimeAssembly._nLoad(AssemblyName fileName, String codeBase, Evidence assemblySecurity, RuntimeAssembly locationHint, StackCrawlMark&amp; stackMark, IntPtr pPrivHostBinder, Boolean throwOnFileNotFound, Boolean forIntrospection, Boolean suppressSecurityChecks)
   at System.Reflection.RuntimeAssembly.nLoad(AssemblyName fileName, String codeBase, Evidence assemblySecurity, RuntimeAssembly locationHint, StackCrawlMark&amp; stackMark, IntPtr pPrivHostBinder, Boolean throwOnFileNotFound, Boolean forIntrospection, Boolean suppressSecurityChecks)
   at System.Reflection.RuntimeAssembly.InternalLoadAssemblyName(AssemblyName assemblyRef, Evidence assemblySecurity, RuntimeAssembly reqAssembly, StackCrawlMark&amp; stackMark, IntPtr pPrivHostBinder, Boolean throwOnFileNotFound, Boolean forIntrospection, Boolean suppressSecurityChecks)
   at System.Reflection.RuntimeAssembly.InternalLoad(String assemblyString, Evidence assemblySecurity, StackCrawlMark&amp; stackMark, IntPtr pPrivHostBinder, Boolean forIntrospection)
   at System.Reflection.RuntimeAssembly.InternalLoad(String assemblyString, Evidence assemblySecurity, StackCrawlMark&amp; stackMark, Boolean forIntrospection)
   at System.Reflection.Assembly.Load(String assemblyString)
   at System.Web.Configuration.CompilationSection.LoadAssemblyHelper(String assemblyName, Boolean starDirective)

Could not load file or assembly 'System.Net.Http.Formatting' or one of its dependencies. The located assembly's manifest definition does not match the assembly reference. (Exception from HRESULT: 0x80131040)

</Data><Data>https://lenox360-mobile.azurewebsites.net:443/swagger/ui/index</Data><Data>/swagger/ui/index</Data><Data>1.34.96.50</Data><Data/><Data>False</Data><Data/><Data>IIS APPPOOL\Lenox360-Mobile</Data><Data>92</Data><Data>IIS APPPOOL\Lenox360-Mobile</Data><Data>False</Data><Data>   at System.Web.Configuration.CompilationSection.LoadAssemblyHelper(String assemblyName, Boolean starDirective)
   at System.Web.Configuration.CompilationSection.LoadAllAssembliesFromAppDomainBinDirectory()
   at System.Web.Configuration.CompilationSection.LoadAssembly(AssemblyInfo ai)
   at System.Web.Compilation.BuildManager.GetReferencedAssemblies(CompilationSection compConfig)
   at System.Web.Compilation.BuildManager.GetPreStartInitMethodsFromReferencedAssemblies()
   at System.Web.Compilation.BuildManager.CallPreStartInitMethods(String preStartInitListPath, Boolean&amp; isRefAssemblyLoaded)
   at System.Web.Compilation.BuildManager.ExecutePreAppStart()
   at System.Web.Hosting.HostingEnvironment.Initialize(ApplicationManager appManager, IApplicationHost appHost, IConfigMapPathFactory configMapPathFactory, HostingEnvironmentParameters hostingParameters, PolicyLevel policyLevel, Exception appDomainCreationException)
</Data></EventData></Event><Event><System><Provider Name="ASP.NET 4.0.30319.0"/><EventID>1310</EventID><Level>2</Level><Task>0</Task><Keywords>Keywords</Keywords><TimeCreated SystemTime="2020-11-11T15:30:41Z"/><EventRecordID>-1810868687</EventRecordID><Channel>Application</Channel><Computer>RD0003FF98A090</Computer><Security/></System><EventData><Data>3008</Data><Data>A configuration error has occurred.</Data><Data>11/11/2020 3:30:41 PM</Data><Data>11/11/2020 3:30:41 PM</Data><Data>2d92f88b0d1e406d8e932bf5a41752ff</Data><Data>1</Data><Data>1</Data><Data>0</Data><Data>/LM/W3SVC/244476336/ROOT-17-132495822397655000</Data><Data>Full</Data><Data>/</Data><Data>D:\home\site\wwwroot\</Data><Data>RD0003FF98A090</Data><Data/><Data>3020</Data><Data>w3wp.exe</Data><Data>IIS APPPOOL\Lenox360-Mobile</Data><Data>ConfigurationErrorsException</Data><Data>Could not load file or assembly 'System.Net.Http.Formatting, Version=5.2.7.0, Culture=neutral, PublicKeyToken=31bf3856ad364e35' or one of its dependencies. The located assembly's manifest definition does not match the assembly reference. (Exception from HRESULT: 0x80131040)
   at System.Web.Configuration.CompilationSection.LoadAssemblyHelper(String assemblyName, Boolean starDirective)
   at System.Web.Configuration.CompilationSection.LoadAllAssembliesFromAppDomainBinDirectory()
   at System.Web.Configuration.CompilationSection.LoadAssembly(AssemblyInfo ai)
   at System.Web.Compilation.BuildManager.GetReferencedAssemblies(CompilationSection compConfig)
   at System.Web.Compilation.BuildManager.GetPreStartInitMethodsFromReferencedAssemblies()
   at System.Web.Compilation.BuildManager.CallPreStartInitMethods(String preStartInitListPath, Boolean&amp; isRefAssemblyLoaded)
   at System.Web.Compilation.BuildManager.ExecutePreAppStart()
   at System.Web.Hosting.HostingEnvironment.Initialize(ApplicationManager appManager, IApplicationHost appHost, IConfigMapPathFactory configMapPathFactory, HostingEnvironmentParameters hostingParameters, PolicyLevel policyLevel, Exception appDomainCreationException)

Could not load file or assembly 'System.Net.Http.Formatting, Version=5.2.7.0, Culture=neutral, PublicKeyToken=31bf3856ad364e35' or one of its dependencies. The located assembly's manifest definition does not match the assembly reference. (Exception from HRESULT: 0x80131040)
   at System.Reflection.RuntimeAssembly._nLoad(AssemblyName fileName, String codeBase, Evidence assemblySecurity, RuntimeAssembly locationHint, StackCrawlMark&amp; stackMark, IntPtr pPrivHostBinder, Boolean throwOnFileNotFound, Boolean forIntrospection, Boolean suppressSecurityChecks)
   at System.Reflection.RuntimeAssembly.nLoad(AssemblyName fileName, String codeBase, Evidence assemblySecurity, RuntimeAssembly locationHint, StackCrawlMark&amp; stackMark, IntPtr pPrivHostBinder, Boolean throwOnFileNotFound, Boolean forIntrospection, Boolean suppressSecurityChecks)
   at System.Reflection.RuntimeAssembly.InternalLoadAssemblyName(AssemblyName assemblyRef, Evidence assemblySecurity, RuntimeAssembly reqAssembly, StackCrawlMark&amp; stackMark, IntPtr pPrivHostBinder, Boolean throwOnFileNotFound, Boolean forIntrospection, Boolean suppressSecurityChecks)
   at System.Reflection.RuntimeAssembly.InternalLoad(String assemblyString, Evidence assemblySecurity, StackCrawlMark&amp; stackMark, IntPtr pPrivHostBinder, Boolean forIntrospection)
   at System.Reflection.RuntimeAssembly.InternalLoad(String assemblyString, Evidence assemblySecurity, StackCrawlMark&amp; stackMark, Boolean forIntrospection)
   at System.Reflection.Assembly.Load(String assemblyString)
   at System.Web.Configuration.CompilationSection.LoadAssemblyHelper(String assemblyName, Boolean starDirective)

Could not load file or assembly 'System.Net.Http.Formatting' or one of its dependencies. The located assembly's manifest definition does not match the assembly reference. (Exception from HRESULT: 0x80131040)

</Data><Data>https://lenox360-mobile.azurewebsites.net:443/swagger/ui/index</Data><Data>/swagger/ui/index</Data><Data>1.34.96.50</Data><Data/><Data>False</Data><Data/><Data>IIS APPPOOL\Lenox360-Mobile</Data><Data>93</Data><Data>IIS APPPOOL\Lenox360-Mobile</Data><Data>False</Data><Data>   at System.Web.Configuration.CompilationSection.LoadAssemblyHelper(String assemblyName, Boolean starDirective)
   at System.Web.Configuration.CompilationSection.LoadAllAssembliesFromAppDomainBinDirectory()
   at System.Web.Configuration.CompilationSection.LoadAssembly(AssemblyInfo ai)
   at System.Web.Compilation.BuildManager.GetReferencedAssemblies(CompilationSection compConfig)
   at System.Web.Compilation.BuildManager.GetPreStartInitMethodsFromReferencedAssemblies()
   at System.Web.Compilation.BuildManager.CallPreStartInitMethods(String preStartInitListPath, Boolean&amp; isRefAssemblyLoaded)
   at System.Web.Compilation.BuildManager.ExecutePreAppStart()
   at System.Web.Hosting.HostingEnvironment.Initialize(ApplicationManager appManager, IApplicationHost appHost, IConfigMapPathFactory configMapPathFactory, HostingEnvironmentParameters hostingParameters, PolicyLevel policyLevel, Exception appDomainCreationException)
</Data></EventData></Event><Event><System><Provider Name="ASP.NET 4.0.30319.0"/><EventID>1310</EventID><Level>2</Level><Task>0</Task><Keywords>Keywords</Keywords><TimeCreated SystemTime="2020-11-11T15:32:28Z"/><EventRecordID>-1810762515</EventRecordID><Channel>Application</Channel><Computer>RD0003FF98A090</Computer><Security/></System><EventData><Data>3008</Data><Data>A configuration error has occurred.</Data><Data>11/11/2020 3:32:28 PM</Data><Data>11/11/2020 3:32:28 PM</Data><Data>f7b49e4ee65741d495c5a3961f87bc91</Data><Data>1</Data><Data>1</Data><Data>0</Data><Data>/LM/W3SVC/244476336/ROOT-18-132495823459747263</Data><Data>Full</Data><Data>/</Data><Data>D:\home\site\wwwroot\</Data><Data>RD0003FF98A090</Data><Data/><Data>3020</Data><Data>w3wp.exe</Data><Data>IIS APPPOOL\Lenox360-Mobile</Data><Data>ConfigurationErrorsException</Data><Data>Could not load file or assembly 'System.Net.Http.Formatting, Version=5.2.7.0, Culture=neutral, PublicKeyToken=31bf3856ad364e35' or one of its dependencies. The located assembly's manifest definition does not match the assembly reference. (Exception from HRESULT: 0x80131040)
   at System.Web.Configuration.CompilationSection.LoadAssemblyHelper(String assemblyName, Boolean starDirective)
   at System.Web.Configuration.CompilationSection.LoadAllAssembliesFromAppDomainBinDirectory()
   at System.Web.Configuration.CompilationSection.LoadAssembly(AssemblyInfo ai)
   at System.Web.Compilation.BuildManager.GetReferencedAssemblies(CompilationSection compConfig)
   at System.Web.Compilation.BuildManager.GetPreStartInitMethodsFromReferencedAssemblies()
   at System.Web.Compilation.BuildManager.CallPreStartInitMethods(String preStartInitListPath, Boolean&amp; isRefAssemblyLoaded)
   at System.Web.Compilation.BuildManager.ExecutePreAppStart()
   at System.Web.Hosting.HostingEnvironment.Initialize(ApplicationManager appManager, IApplicationHost appHost, IConfigMapPathFactory configMapPathFactory, HostingEnvironmentParameters hostingParameters, PolicyLevel policyLevel, Exception appDomainCreationException)

Could not load file or assembly 'System.Net.Http.Formatting, Version=5.2.7.0, Culture=neutral, PublicKeyToken=31bf3856ad364e35' or one of its dependencies. The located assembly's manifest definition does not match the assembly reference. (Exception from HRESULT: 0x80131040)
   at System.Reflection.RuntimeAssembly._nLoad(AssemblyName fileName, String codeBase, Evidence assemblySecurity, RuntimeAssembly locationHint, StackCrawlMark&amp; stackMark, IntPtr pPrivHostBinder, Boolean throwOnFileNotFound, Boolean forIntrospection, Boolean suppressSecurityChecks)
   at System.Reflection.RuntimeAssembly.nLoad(AssemblyName fileName, String codeBase, Evidence assemblySecurity, RuntimeAssembly locationHint, StackCrawlMark&amp; stackMark, IntPtr pPrivHostBinder, Boolean throwOnFileNotFound, Boolean forIntrospection, Boolean suppressSecurityChecks)
   at System.Reflection.RuntimeAssembly.InternalLoadAssemblyName(AssemblyName assemblyRef, Evidence assemblySecurity, RuntimeAssembly reqAssembly, StackCrawlMark&amp; stackMark, IntPtr pPrivHostBinder, Boolean throwOnFileNotFound, Boolean forIntrospection, Boolean suppressSecurityChecks)
   at System.Reflection.RuntimeAssembly.InternalLoad(String assemblyString, Evidence assemblySecurity, StackCrawlMark&amp; stackMark, IntPtr pPrivHostBinder, Boolean forIntrospection)
   at System.Reflection.RuntimeAssembly.InternalLoad(String assemblyString, Evidence assemblySecurity, StackCrawlMark&amp; stackMark, Boolean forIntrospection)
   at System.Reflection.Assembly.Load(String assemblyString)
   at System.Web.Configuration.CompilationSection.LoadAssemblyHelper(String assemblyName, Boolean starDirective)

Could not load file or assembly 'System.Net.Http.Formatting' or one of its dependencies. The located assembly's manifest definition does not match the assembly reference. (Exception from HRESULT: 0x80131040)

</Data><Data>https://lenox360-mobile.azurewebsites.net:443/swagger/ui/index</Data><Data>/swagger/ui/index</Data><Data>1.34.96.50</Data><Data/><Data>False</Data><Data/><Data>IIS APPPOOL\Lenox360-Mobile</Data><Data>93</Data><Data>IIS APPPOOL\Lenox360-Mobile</Data><Data>False</Data><Data>   at System.Web.Configuration.CompilationSection.LoadAssemblyHelper(String assemblyName, Boolean starDirective)
   at System.Web.Configuration.CompilationSection.LoadAllAssembliesFromAppDomainBinDirectory()
   at System.Web.Configuration.CompilationSection.LoadAssembly(AssemblyInfo ai)
   at System.Web.Compilation.BuildManager.GetReferencedAssemblies(CompilationSection compConfig)
   at System.Web.Compilation.BuildManager.GetPreStartInitMethodsFromReferencedAssemblies()
   at System.Web.Compilation.BuildManager.CallPreStartInitMethods(String preStartInitListPath, Boolean&amp; isRefAssemblyLoaded)
   at System.Web.Compilation.BuildManager.ExecutePreAppStart()
   at System.Web.Hosting.HostingEnvironment.Initialize(ApplicationManager appManager, IApplicationHost appHost, IConfigMapPathFactory configMapPathFactory, HostingEnvironmentParameters hostingParameters, PolicyLevel policyLevel, Exception appDomainCreationException)
</Data></EventData></Event><Event><System><Provider Name="ASP.NET 4.0.30319.0"/><EventID>1310</EventID><Level>2</Level><Task>0</Task><Keywords>Keywords</Keywords><TimeCreated SystemTime="2020-11-11T15:33:31Z"/><EventRecordID>-1810699140</EventRecordID><Channel>Application</Channel><Computer>RD0003FF98A090</Computer><Security/></System><EventData><Data>3008</Data><Data>A configuration error has occurred.</Data><Data>11/11/2020 3:33:31 PM</Data><Data>11/11/2020 3:33:31 PM</Data><Data>e38e36ca2c0c4aebaa6862112baaa979</Data><Data>1</Data><Data>1</Data><Data>0</Data><Data>/LM/W3SVC/244476336/ROOT-19-132495824092883422</Data><Data>Full</Data><Data>/</Data><Data>D:\home\site\wwwroot\</Data><Data>RD0003FF98A090</Data><Data/><Data>3020</Data><Data>w3wp.exe</Data><Data>IIS APPPOOL\Lenox360-Mobile</Data><Data>ConfigurationErrorsException</Data><Data>Could not load file or assembly 'System.Web.Http, Version=5.2.7.0, Culture=neutral, PublicKeyToken=31bf3856ad364e35' or one of its dependencies. The located assembly's manifest definition does not match the assembly reference. (Exception from HRESULT: 0x80131040)
   at System.Web.Configuration.CompilationSection.LoadAssemblyHelper(String assemblyName, Boolean starDirective)
   at System.Web.Configuration.CompilationSection.LoadAllAssembliesFromAppDomainBinDirectory()
   at System.Web.Configuration.CompilationSection.LoadAssembly(AssemblyInfo ai)
   at System.Web.Compilation.BuildManager.GetReferencedAssemblies(CompilationSection compConfig)
   at System.Web.Compilation.BuildManager.GetPreStartInitMethodsFromReferencedAssemblies()
   at System.Web.Compilation.BuildManager.CallPreStartInitMethods(String preStartInitListPath, Boolean&amp; isRefAssemblyLoaded)
   at System.Web.Compilation.BuildManager.ExecutePreAppStart()
   at System.Web.Hosting.HostingEnvironment.Initialize(ApplicationManager appManager, IApplicationHost appHost, IConfigMapPathFactory configMapPathFactory, HostingEnvironmentParameters hostingParameters, PolicyLevel policyLevel, Exception appDomainCreationException)

Could not load file or assembly 'System.Web.Http, Version=5.2.7.0, Culture=neutral, PublicKeyToken=31bf3856ad364e35' or one of its dependencies. The located assembly's manifest definition does not match the assembly reference. (Exception from HRESULT: 0x80131040)
   at System.Reflection.RuntimeAssembly._nLoad(AssemblyName fileName, String codeBase, Evidence assemblySecurity, RuntimeAssembly locationHint, StackCrawlMark&amp; stackMark, IntPtr pPrivHostBinder, Boolean throwOnFileNotFound, Boolean forIntrospection, Boolean suppressSecurityChecks)
   at System.Reflection.RuntimeAssembly.nLoad(AssemblyName fileName, String codeBase, Evidence assemblySecurity, RuntimeAssembly locationHint, StackCrawlMark&amp; stackMark, IntPtr pPrivHostBinder, Boolean throwOnFileNotFound, Boolean forIntrospection, Boolean suppressSecurityChecks)
   at System.Reflection.RuntimeAssembly.InternalLoadAssemblyName(AssemblyName assemblyRef, Evidence assemblySecurity, RuntimeAssembly reqAssembly, StackCrawlMark&amp; stackMark, IntPtr pPrivHostBinder, Boolean throwOnFileNotFound, Boolean forIntrospection, Boolean suppressSecurityChecks)
   at System.Reflection.RuntimeAssembly.InternalLoad(String assemblyString, Evidence assemblySecurity, StackCrawlMark&amp; stackMark, IntPtr pPrivHostBinder, Boolean forIntrospection)
   at System.Reflection.RuntimeAssembly.InternalLoad(String assemblyString, Evidence assemblySecurity, StackCrawlMark&amp; stackMark, Boolean forIntrospection)
   at System.Reflection.Assembly.Load(String assemblyString)
   at System.Web.Configuration.CompilationSection.LoadAssemblyHelper(String assemblyName, Boolean starDirective)

Could not load file or assembly 'System.Web.Http' or one of its dependencies. The located assembly's manifest definition does not match the assembly reference. (Exception from HRESULT: 0x80131040)

</Data><Data>https://lenox360-mobile.azurewebsites.net:443/swagger/ui/index</Data><Data>/swagger/ui/index</Data><Data>1.34.96.50</Data><Data/><Data>False</Data><Data/><Data>IIS APPPOOL\Lenox360-Mobile</Data><Data>93</Data><Data>IIS APPPOOL\Lenox360-Mobile</Data><Data>False</Data><Data>   at System.Web.Configuration.CompilationSection.LoadAssemblyHelper(String assemblyName, Boolean starDirective)
   at System.Web.Configuration.CompilationSection.LoadAllAssembliesFromAppDomainBinDirectory()
   at System.Web.Configuration.CompilationSection.LoadAssembly(AssemblyInfo ai)
   at System.Web.Compilation.BuildManager.GetReferencedAssemblies(CompilationSection compConfig)
   at System.Web.Compilation.BuildManager.GetPreStartInitMethodsFromReferencedAssemblies()
   at System.Web.Compilation.BuildManager.CallPreStartInitMethods(String preStartInitListPath, Boolean&amp; isRefAssemblyLoaded)
   at System.Web.Compilation.BuildManager.ExecutePreAppStart()
   at System.Web.Hosting.HostingEnvironment.Initialize(ApplicationManager appManager, IApplicationHost appHost, IConfigMapPathFactory configMapPathFactory, HostingEnvironmentParameters hostingParameters, PolicyLevel policyLevel, Exception appDomainCreationException)
</Data></EventData></Event></Events>